PDB ID,MFS,LeuT,MitC,UraA,Glt,NhaA,YiiP,NCX,AmtB,CNT,DMT
1BNX,0.2468,0.2633,0.3,0.253,0.2782,0.285,0.2596,0.3162,0.3107,0.2811,0.2783
1BTQ,0.042,0.0342,0.0664,0.0482,0.0482,0.0493,0.0692,0.0625,0.0524,0.0432,0.0517
1BZK,0.3016,0.2823,0.3839,0.3147,0.3125,0.3374,0.3009,0.3833,0.3406,0.3145,0.3483
1XFH,0.2486,0.266,0.3534,0.2678,1.0,0.4335,0.2908,0.3796,0.3424,0.2904,0.2609
1Y4E,0.2955,0.2858,0.3493,0.3314,0.307,0.3316,0.3234,0.4081,0.379,0.3151,0.3568
2A65,0.3213,1.0,0.3047,0.4905,0.3154,0.3246,0.3492,0.3996,0.344,0.3016,0.2933
2DH2,0.2835,0.247,0.2939,0.2283,0.239,0.282,0.2909,0.3311,0.2541,0.2519,0.3512
2DH3,0.2737,0.2367,0.2934,0.2438,0.2494,0.2663,0.278,0.2989,0.2576,0.2459,0.3501
2HTG,0.2908,0.2773,0.3306,0.3322,0.2951,0.3323,0.3243,0.3956,0.3523,0.3105,0.3568
2MDF,0.3583,0.3283,0.3564,0.3548,0.3892,0.396,0.3442,0.4158,0.4092,0.3821,0.4243
2NWL,0.2531,0.2604,0.3422,0.2831,0.9838,0.4308,0.2847,0.3766,0.3369,0.2942,0.3068
2NWW,0.2294,0.2642,0.345,0.2731,0.9777,0.4306,0.3608,0.3947,0.3439,0.2895,0.3024
2NWX,0.2524,0.2615,0.3547,0.2637,0.9846,0.4327,0.3678,0.3371,0.3387,0.3,0.3103
2Q6H,0.3302,0.9991,0.3479,0.4896,0.2994,0.3264,0.3266,0.3989,0.3505,0.2907,0.2838
2Q72,0.3331,0.9994,0.2962,0.4925,0.2971,0.311,0.3516,0.3366,0.3348,0.3258,0.2975
2QB4,0.3101,0.9994,0.3467,0.4913,0.3117,0.3095,0.3528,0.3753,0.3436,0.2962,0.2976
2QEI,0.3138,0.9989,0.3504,0.4821,0.2996,0.3109,0.3445,0.375,0.3442,0.2908,0.2993
2QJU,0.3303,0.9995,0.3055,0.491,0.3127,0.322,0.3397,0.3695,0.3433,0.3015,0.2923
2XQ2,0.2977,0.5688,0.3232,0.4568,0.3164,0.3363,0.3208,0.3537,0.3486,0.2802,0.2871
2XUT,0.7218,0.2959,0.3283,0.2958,0.2741,0.322,0.347,0.4122,0.3204,0.291,0.2562
3DH4,0.3101,0.5681,0.3068,0.4161,0.3164,0.3013,0.3234,0.3307,0.3508,0.2893,0.2797
3F3A,0.3041,0.9698,0.3503,0.4913,0.3176,0.3056,0.3369,0.376,0.3376,0.3047,0.3276
3F3C,0.3274,0.9989,0.3488,0.492,0.3117,0.3125,0.3491,0.4059,0.3463,0.2909,0.2965
3F3D,0.3203,0.9994,0.3028,0.4915,0.3151,0.3133,0.3392,0.3662,0.3418,0.301,0.2923
3F3E,0.3195,0.9996,0.3174,0.4912,0.3139,0.3202,0.3518,0.3731,0.3433,0.2998,0.2932
3F48,0.3274,0.9992,0.3468,0.4909,0.3124,0.3035,0.3231,0.4036,0.3372,0.2889,0.2995
3F4I,0.3293,0.9991,0.3037,0.492,0.3131,0.3119,0.3483,0.3805,0.3418,0.3007,0.2953
3F4J,0.321,0.9988,0.3058,0.49,0.3069,0.3135,0.3394,0.3998,0.3435,0.2956,0.293
3GI8,0.3391,0.6698,0.3307,0.4755,0.2878,0.3092,0.3685,0.3379,0.343,0.2811,0.3078
3GI9,0.3172,0.6678,0.3289,0.4761,0.2868,0.3288,0.372,0.3297,0.3285,0.2794,0.3161
3GIA,0.3204,0.6687,0.3276,0.4794,0.2884,0.3233,0.37,0.3319,0.3303,0.2805,0.2942
3GJC,0.3176,0.9643,0.3429,0.4876,0.3147,0.3061,0.3503,0.3441,0.3217,0.2851,0.2882
3GJD,0.329,0.9998,0.3051,0.4924,0.3083,0.3217,0.3395,0.3714,0.3426,0.3015,0.2928
3GKH,0.1955,0.1867,0.255,0.2095,0.2053,0.216,0.2483,0.2267,0.2792,0.1986,0.2418
3GKI,0.1961,0.1853,0.2561,0.2092,0.2119,0.196,0.2386,0.2304,0.2818,0.2184,0.2464
3GKJ,0.2001,0.1854,0.2563,0.1922,0.2127,0.2164,0.2394,0.2361,0.2796,0.2101,0.2406
3GWU,0.3196,0.9994,0.3036,0.4911,0.3149,0.3217,0.3382,0.403,0.3442,0.3001,0.2921
3GWV,0.323,0.9776,0.3056,0.4892,0.313,0.2967,0.3257,0.3819,0.3172,0.301,0.2919
3GWW,0.298,0.983,0.311,0.4897,0.3132,0.2899,0.3474,0.3664,0.3433,0.2948,0.2938
3H90,0.2387,0.2216,0.2438,0.2428,0.2202,0.2492,1.0,0.3332,0.2773,0.1941,0.2296
3KBC,0.2733,0.2706,0.3646,0.2896,0.6213,0.4872,0.2981,0.3348,0.2882,0.2792,0.3364
3L1L,0.3244,0.6376,0.3194,0.4495,0.291,0.3325,0.3276,0.3628,0.2987,0.2838,0.3148
3LLO,0.122,0.127,0.1896,0.1604,0.1507,0.1542,0.2262,0.2083,0.1807,0.1582,0.231
3LRB,0.2966,0.6336,0.3196,0.456,0.2737,0.3216,0.2991,0.3659,0.304,0.2932,0.3125
3LRC,0.2955,0.6328,0.3493,0.4485,0.276,0.3224,0.3034,0.3663,0.3023,0.292,0.3171
3MPN,0.3304,0.9915,0.3048,0.4913,0.3144,0.3238,0.3274,0.3713,0.3432,0.2957,0.2954
3MPQ,0.2949,0.96,0.3478,0.4914,0.3141,0.3052,0.3446,0.3692,0.3218,0.2816,0.289
3OB6,0.3272,0.6595,0.2672,0.4541,0.2771,0.2974,0.3286,0.3316,0.3124,0.2902,0.3119
3QNT,0.2005,0.1734,0.2618,0.2211,0.2142,0.2073,0.2468,0.2503,0.2805,0.2295,0.258
3QS4,0.3218,0.9697,0.3488,0.4897,0.3144,0.3056,0.3317,0.3689,0.32,0.3014,0.3268
3QS5,0.3287,0.997,0.3039,0.4907,0.3088,0.3123,0.3509,0.3622,0.3414,0.2971,0.2878
3QS6,0.3187,0.9962,0.3027,0.4889,0.3151,0.3161,0.3448,0.3824,0.3394,0.2968,0.2932
3TIJ,0.2778,0.252,0.4277,0.2415,0.2899,0.2789,0.2485,0.3351,0.3046,1.0,0.3318
3TT1,0.2894,0.9577,0.3441,0.4885,0.3174,0.3197,0.3351,0.3612,0.3103,0.3009,0.2877
3TT3,0.3245,0.8943,0.3195,0.4928,0.3076,0.3219,0.37,0.3753,0.2942,0.2882,0.2848
3TU0,0.3217,0.9976,0.3041,0.4894,0.315,0.3103,0.3491,0.3619,0.3424,0.2903,0.2958
3USG,0.3116,0.9792,0.3476,0.4902,0.3141,0.301,0.3283,0.4011,0.3195,0.2928,0.2944
3USI,0.3013,0.9845,0.3467,0.4909,0.3159,0.3214,0.351,0.3945,0.3201,0.2922,0.2936
3USJ,0.315,0.9792,0.3488,0.4902,0.3162,0.3084,0.3226,0.3626,0.3195,0.289,0.2874
3USK,0.3155,0.9793,0.3477,0.4902,0.3143,0.2974,0.3249,0.3688,0.319,0.2932,0.2874
3USL,0.3121,0.9791,0.3477,0.4904,0.3165,0.3161,0.3296,0.3627,0.3191,0.2917,0.2932
3USM,0.3095,0.9791,0.3474,0.4902,0.3157,0.308,0.3283,0.3684,0.319,0.2929,0.294
3USO,0.3024,0.9792,0.3477,0.4903,0.3143,0.303,0.3255,0.3684,0.319,0.2937,0.2922
3USP,0.3293,0.9874,0.3093,0.4906,0.3139,0.317,0.3499,0.3704,0.3359,0.3008,0.294
3V8F,0.2749,0.275,0.368,0.2904,0.6206,0.4854,0.3195,0.3341,0.2902,0.2998,0.3355
3V8G,0.2696,0.2642,0.3606,0.2896,0.6256,0.4817,0.3089,0.3256,0.2879,0.2569,0.3358
4EZC,0.2802,0.2418,0.3138,0.32,0.282,0.2763,0.282,0.3389,0.527,0.2418,0.2874
4EZD,0.257,0.2441,0.3129,0.3208,0.277,0.2748,0.2824,0.3405,0.5314,0.2384,0.2906
4F35,0.285,0.2476,0.3326,0.2627,0.319,0.282,0.2697,0.3672,0.3049,0.4682,0.2886
4FXZ,0.3126,0.9786,0.3482,0.4901,0.3149,0.2983,0.3236,0.3822,0.3195,0.2917,0.284
4FY0,0.3134,0.9781,0.3466,0.4907,0.3139,0.3071,0.3273,0.3674,0.3184,0.2926,0.2884
4GBY,0.822,0.3226,0.3398,0.3169,0.2756,0.3324,0.3865,0.3727,0.3247,0.3176,0.293
4GBZ,0.8211,0.3226,0.3434,0.3106,0.2759,0.3322,0.3875,0.3626,0.3229,0.3184,0.2926
4GC0,0.8217,0.3224,0.3447,0.3101,0.2868,0.3322,0.3882,0.3743,0.3235,0.3091,0.2918
4HMK,0.3283,0.9907,0.3037,0.4906,0.3113,0.31,0.3323,0.364,0.3428,0.2938,0.2906
4HOD,0.3194,0.9991,0.303,0.4906,0.3124,0.3123,0.3388,0.3642,0.3434,0.3002,0.295
4IZM,0.247,0.2619,0.3545,0.2578,0.9824,0.4219,0.372,0.3789,0.3337,0.2767,0.2996
4JA3,0.8539,0.3134,0.3441,0.3091,0.2838,0.3074,0.3632,0.3602,0.3688,0.2991,0.2889
4JA4,0.8517,0.3118,0.3307,0.2925,0.2519,0.2945,0.3499,0.3521,0.3675,0.2943,0.2791
4JRA,0.2538,0.2208,0.2711,0.2357,0.2509,0.2476,0.2873,0.2502,0.3148,0.2457,0.3008
4KY0,0.2564,0.2651,0.3015,0.2707,0.9344,0.4413,0.3448,0.3826,0.3366,0.3043,0.3023
4KY9,0.2246,0.2177,0.2474,0.2682,0.2231,0.2256,0.222,0.3005,0.2077,0.1781,0.2345
4LEP,0.7138,0.2819,0.3314,0.333,0.3106,0.3444,0.3574,0.3958,0.3336,0.2913,0.2841
4M8G,0.1538,0.141,0.1838,0.1645,0.1501,0.1537,0.1923,0.1973,0.2003,0.195,0.2116
4M90,0.17,0.1474,0.2029,0.1797,0.1836,0.2064,0.2047,0.2042,0.1883,0.2096,0.2396
4M91,0.1907,0.1648,0.2162,0.1735,0.1945,0.1972,0.2207,0.2453,0.227,0.2125,0.2454
4M92,0.1705,0.1503,0.1966,0.1744,0.1636,0.2052,0.1911,0.2386,0.1807,0.2076,0.2365
4MM4,0.3228,0.9552,0.3359,0.49,0.3098,0.3071,0.3372,0.363,0.3151,0.2878,0.3242
4MM5,0.323,0.9556,0.3378,0.489,0.3142,0.2951,0.3388,0.3776,0.3253,0.2859,0.2811
4MM6,0.3253,0.9686,0.3451,0.49,0.3156,0.3045,0.3237,0.3627,0.312,0.2971,0.2905
4MM7,0.3245,0.9604,0.3448,0.4891,0.3143,0.2953,0.3245,0.3637,0.3153,0.2929,0.2918
4MM8,0.324,0.958,0.3457,0.4903,0.3137,0.2988,0.3222,0.3638,0.3159,0.2889,0.2923
4MM9,0.3225,0.9575,0.3376,0.4886,0.3158,0.2947,0.3237,0.3703,0.3295,0.2898,0.2886
4MMA,0.3248,0.9674,0.3261,0.4889,0.3109,0.2937,0.3265,0.3615,0.3165,0.2992,0.2821
4MMB,0.3116,0.9656,0.3477,0.4887,0.3162,0.2989,0.338,0.3617,0.3225,0.2989,0.3274
4MMC,0.3247,0.9688,0.349,0.4876,0.318,0.3013,0.3264,0.3418,0.3127,0.2963,0.2902
4MMD,0.3249,0.9646,0.3468,0.4897,0.3107,0.2932,0.3361,0.3618,0.3202,0.295,0.2818
4MME,0.3232,0.9673,0.3487,0.4893,0.3179,0.3009,0.3459,0.3643,0.31,0.2958,0.3262
4MMF,0.3238,0.9667,0.3502,0.4904,0.3109,0.2953,0.3258,0.3624,0.3132,0.2952,0.2813
4N5X,0.1624,0.1601,0.1982,0.2011,0.1907,0.1914,0.2078,0.2114,0.1979,0.2066,0.1995
4OYE,0.2573,0.2683,0.3604,0.269,0.9459,0.4338,0.3683,0.3709,0.336,0.287,0.2672
4OYF,0.2537,0.269,0.3188,0.2747,0.9489,0.4304,0.3718,0.371,0.3351,0.2884,0.304
4P19,0.2581,0.2784,0.3703,0.2883,0.6114,0.4925,0.2961,0.3326,0.283,0.2974,0.3293
4P1A,0.2693,0.2753,0.3538,0.2868,0.613,0.4903,0.3069,0.3344,0.2843,0.2958,0.3327
4P3J,0.2698,0.275,0.3704,0.2852,0.6072,0.4912,0.3083,0.3693,0.2987,0.29,0.3233
4P5W,0.2357,0.214,0.2669,0.2118,0.239,0.2279,0.2715,0.2316,0.2555,0.2315,0.2666
4P5X,0.217,0.2008,0.2586,0.2125,0.223,0.2173,0.2473,0.2364,0.2554,0.2214,0.2523
4P60,0.241,0.2146,0.2802,0.2371,0.2334,0.2406,0.2786,0.2335,0.2841,0.2465,0.2974
4P6H,0.2686,0.2864,0.3725,0.2989,0.616,0.4895,0.3017,0.3598,0.2823,0.2717,0.3346
4PB1,0.274,0.252,0.4292,0.248,0.299,0.2802,0.2491,0.3064,0.3078,0.9996,0.3326
4PB2,0.2767,0.2524,0.4306,0.2503,0.2917,0.2798,0.2672,0.3069,0.3089,0.9992,0.3325
4PD5,0.2742,0.2448,0.4391,0.2651,0.3017,0.2744,0.2769,0.3366,0.3049,0.9966,0.3297
4PD6,0.2676,0.246,0.4242,0.2624,0.3033,0.2764,0.2468,0.3356,0.2954,0.992,0.3316
4PD7,0.2595,0.2434,0.4289,0.2505,0.2919,0.2844,0.2478,0.3072,0.3049,0.9995,0.3315
4PD8,0.2597,0.2608,0.4288,0.249,0.2915,0.2842,0.2475,0.3066,0.3049,0.9994,0.3313
4PD9,0.2757,0.2472,0.4305,0.2806,0.2929,0.2801,0.2485,0.335,0.3048,0.9991,0.3338
4PDA,0.2614,0.2522,0.4303,0.2826,0.2893,0.2831,0.2766,0.3353,0.3048,0.9994,0.3316
4PYP,1.0,0.2914,0.3395,0.3082,0.2667,0.3228,0.3457,0.3388,0.3456,0.3004,0.2844
4QIQ,0.8075,0.2975,0.3312,0.2738,0.2931,0.3338,0.3687,0.3546,0.3705,0.2933,0.2744
4TPG,0.7086,0.2848,0.3479,0.332,0.3071,0.3466,0.3389,0.393,0.3281,0.2779,0.2916
4TPH,0.7065,0.2857,0.3098,0.3273,0.291,0.3477,0.3382,0.4055,0.325,0.2931,0.29
4TPJ,0.7132,0.2841,0.3365,0.3222,0.296,0.3459,0.3374,0.4046,0.3278,0.2661,0.2943
4UVM,0.7588,0.3139,0.3487,0.3251,0.3144,0.3294,0.374,0.3622,0.3577,0.3062,0.2832
4X2S,0.2619,0.2672,0.3532,0.2982,0.6142,0.4803,0.3246,0.3436,0.2945,0.283,0.3103
4YB9,0.9322,0.2828,0.3431,0.3082,0.2644,0.3219,0.3598,0.3421,0.3294,0.2812,0.2812
4YBQ,0.796,0.2968,0.379,0.3209,0.3124,0.3505,0.3854,0.3491,0.2957,0.3222,0.2697
4ZCU,0.1653,0.1627,0.2044,0.2006,0.1817,0.205,0.2243,0.2247,0.2092,0.2002,0.1705
4ZCV,0.1681,0.1639,0.2014,0.1963,0.1887,0.2032,0.1959,0.2365,0.2126,0.1954,0.1979
4ZW9,0.8635,0.3197,0.3381,0.2994,0.2694,0.3234,0.38,0.3586,0.3212,0.3229,0.2906
4ZWB,0.8561,0.3142,0.3291,0.3131,0.28,0.3261,0.3803,0.3548,0.3118,0.3105,0.281
4ZWC,0.8475,0.3122,0.3503,0.313,0.2516,0.323,0.3786,0.3626,0.3105,0.3162,0.2708
5AYM,0.6602,0.2833,0.3359,0.3151,0.2742,0.3224,0.3539,0.3421,0.3424,0.2871,0.2701
5AYN,0.6698,0.2775,0.2964,0.3071,0.2898,0.3271,0.3526,0.3376,0.3457,0.2942,0.2703
5AYO,0.6778,0.261,0.3191,0.3065,0.2788,0.3251,0.3052,0.3254,0.3462,0.2743,0.27
5CFY,0.2585,0.2666,0.3579,0.2638,0.9599,0.4335,0.3715,0.3755,0.3282,0.2893,0.3071
5DWY,0.2593,0.267,0.3404,0.2767,0.9375,0.4413,0.3789,0.3864,0.3358,0.3134,0.3023
5E9S,0.2711,0.2624,0.3467,0.2671,0.9602,0.4416,0.345,0.3796,0.3283,0.3097,0.3092
5EQG,0.9945,0.2986,0.3362,0.3076,0.2621,0.3252,0.3477,0.3379,0.3342,0.3037,0.2828
5EQH,0.9941,0.2919,0.3331,0.3097,0.2607,0.3252,0.3476,0.3388,0.3406,0.2982,0.2836
5EQI,0.993,0.297,0.3356,0.3078,0.2608,0.3266,0.3458,0.3355,0.3558,0.299,0.2826
5EUS,0.1415,0.1124,0.183,0.1319,0.1386,0.1537,0.1668,0.1845,0.1732,0.1626,0.2177
5EUU,0.1402,0.1187,0.1843,0.1332,0.1283,0.1647,0.1723,0.1872,0.1731,0.1592,0.1979
5EUW,0.1403,0.123,0.1822,0.1324,0.1398,0.1747,0.1677,0.1872,0.1731,0.1587,0.2172
5EUX,0.1409,0.1158,0.1807,0.1271,0.1431,0.1731,0.2175,0.1842,0.1758,0.1562,0.2164
5EUZ,0.1356,0.1168,0.1842,0.1267,0.1409,0.1626,0.1841,0.1925,0.1728,0.1561,0.2072
5EZB,0.1541,0.1431,0.1916,0.169,0.1325,0.1742,0.2161,0.2198,0.1876,0.1569,0.2345
5F0L,0.2515,0.2285,0.2682,0.248,0.212,0.2675,0.3203,0.308,0.294,0.242,0.2804
5F0M,0.2516,0.2267,0.2681,0.2482,0.2193,0.2659,0.3191,0.3187,0.2898,0.2372,0.2801
5F0P,0.2517,0.227,0.2503,0.2495,0.2228,0.2719,0.3185,0.3099,0.2939,0.2565,0.2806
5F18,0.2,0.1921,0.2736,0.2147,0.2054,0.2442,0.235,0.2817,0.221,0.2278,0.2464
5F1B,0.1981,0.179,0.2657,0.2047,0.2024,0.2426,0.2692,0.2678,0.2264,0.193,0.2516
5HNS,0.2067,0.1962,0.2654,0.2044,0.2019,0.2222,0.2743,0.2377,0.2533,0.2147,0.2292
5I6X,0.3367,0.8613,0.3724,0.4776,0.3243,0.319,0.34,0.3725,0.3322,0.3051,0.3022
5I6Z,0.3324,0.8608,0.3729,0.4762,0.3278,0.3165,0.3528,0.3719,0.3273,0.3021,0.2989
5I71,0.3333,0.8597,0.3702,0.4774,0.3244,0.2909,0.3415,0.3673,0.3284,0.2933,0.2976
5I73,0.3181,0.859,0.3706,0.4768,0.3264,0.3132,0.3369,0.383,0.3261,0.2969,0.3079
5I74,0.3366,0.8596,0.3651,0.4769,0.3258,0.3277,0.3376,0.3679,0.3333,0.2976,0.3144
5I75,0.3107,0.8595,0.3697,0.4777,0.3246,0.3327,0.3403,0.3854,0.3181,0.2973,0.3079
5IJH,0.1845,0.2016,0.2487,0.1742,0.2349,0.1939,0.305,0.2628,0.2084,0.1811,0.2141
5J4I,0.3269,0.6614,0.274,0.4547,0.276,0.3089,0.3267,0.3505,0.3064,0.2922,0.2722
5J4N,0.2954,0.6626,0.2813,0.455,0.2778,0.306,0.329,0.3434,0.3089,0.2893,0.3242
5JAE,0.3215,0.971,0.3448,0.4838,0.3137,0.324,0.3259,0.3814,0.3435,0.2983,0.2889
5JAF,0.2941,0.9529,0.3389,0.4849,0.3151,0.3049,0.3228,0.3969,0.3166,0.2909,0.3235
5JAG,0.3142,0.9481,0.3439,0.4834,0.3136,0.2992,0.3379,0.3753,0.3119,0.2929,0.288
5JHO,0.1951,0.1817,0.3027,0.2472,0.234,0.226,0.2424,0.2739,0.2382,0.2409,0.2367
5JLV,0.2587,0.2285,0.2823,0.2385,0.2565,0.2502,0.3217,0.2782,0.2675,0.252,0.3027
5JMC,0.2534,0.2245,0.2763,0.2257,0.2486,0.2342,0.3074,0.2687,0.2737,0.2615,0.3006
5JNX,0.2411,0.2944,0.353,0.2514,0.3528,0.3572,0.4309,0.302,0.4214,0.3569,0.3304
5KTE,0.2687,0.5565,0.3052,0.3951,0.265,0.2567,0.3134,0.3432,0.2949,0.2519,0.268
5KWY,0.2016,0.2166,0.2581,0.2135,0.2338,0.2703,0.2899,0.2618,0.2311,0.2261,0.2339
5LLM,0.2555,0.2519,0.3216,0.2774,0.8279,0.4478,0.3468,0.3521,0.3277,0.2998,0.3125
5LLU,0.2454,0.2417,0.3215,0.279,0.8212,0.446,0.3648,0.3576,0.3273,0.3101,0.3108
5LM4,0.2559,0.223,0.3228,0.2738,0.8198,0.4436,0.3558,0.3523,0.3245,0.3121,0.3117
5M87,0.2953,0.6505,0.3783,0.4319,0.3343,0.3263,0.3474,0.3646,0.3799,0.3412,0.3175
5M8A,0.3034,0.6509,0.3791,0.4437,0.3054,0.3261,0.3466,0.3613,0.3831,0.3412,0.2953
5M8J,0.3042,0.6536,0.3784,0.4377,0.3348,0.3262,0.3466,0.3644,0.3799,0.2774,0.2969
5M8K,0.3178,0.6535,0.3789,0.4381,0.3343,0.3255,0.3466,0.3628,0.3798,0.2795,0.2929
5M94,0.2797,0.6076,0.3493,0.4123,0.3082,0.3232,0.3373,0.3263,0.3213,0.2549,0.2833
5M95,0.2803,0.5996,0.3482,0.413,0.3076,0.3297,0.3342,0.3272,0.3186,0.2516,0.2961
5MJU,0.2543,0.2419,0.3239,0.2715,0.8228,0.446,0.3608,0.3554,0.3295,0.3136,0.3118
5MOY,0.2554,0.2208,0.263,0.225,0.2475,0.2467,0.2988,0.2692,0.259,0.2464,0.2982
5U73,0.241,0.2787,0.3498,0.3072,0.3377,0.3539,0.4469,0.3121,0.4167,0.3532,0.3483
5U74,0.2449,0.2878,0.3439,0.3086,0.3348,0.3577,0.4362,0.3332,0.4186,0.3561,0.3488
5UL7,0.2968,0.2682,0.3276,0.2705,0.3365,0.2755,0.3021,0.3574,0.3059,0.4969,0.2982
5UL9,0.2974,0.2656,0.327,0.2629,0.3363,0.2749,0.2831,0.3762,0.3126,0.4996,0.2985
5ULD,0.2975,0.2646,0.3257,0.2658,0.321,0.2744,0.2969,0.3767,0.31,0.5002,0.2983
5ULE,0.2957,0.2659,0.3268,0.2552,0.3349,0.2727,0.3032,0.351,0.3145,0.5021,0.2979
6AWN,0.3325,0.8602,0.3723,0.4772,0.3189,0.3362,0.3415,0.3682,0.3268,0.301,0.3069
6AWO,0.3346,0.862,0.3689,0.4796,0.3194,0.2992,0.334,0.3667,0.3316,0.2968,0.2963
6AWP,0.3324,0.8611,0.3734,0.4778,0.3195,0.3312,0.3389,0.3829,0.3276,0.2944,0.2989
6AWQ,0.3346,0.862,0.375,0.4796,0.3194,0.2992,0.334,0.3667,0.3316,0.2968,0.2994
6BAT,0.2378,0.2642,0.3082,0.2641,0.9879,0.4372,0.3754,0.3792,0.3402,0.294,0.31
6BAU,0.2484,0.2627,0.3073,0.2676,0.9877,0.4351,0.2777,0.378,0.3389,0.2847,0.3095
6BAV,0.2456,0.2646,0.3463,0.2658,0.9724,0.4344,0.3614,0.3949,0.3435,0.2932,0.3041
6BMI,0.2509,0.263,0.3558,0.2657,0.986,0.4333,0.2757,0.3811,0.3383,0.2882,0.2963
6BTX,0.6361,0.2702,0.3419,0.3043,0.2738,0.3235,0.3107,0.3473,0.3298,0.2915,0.2756
6C08,0.2871,0.588,0.318,0.4233,0.3086,0.3137,0.2744,0.298,0.3079,0.2526,0.2822
6C3I,0.2918,0.6224,0.3039,0.4142,0.3039,0.2996,0.336,0.3471,0.3055,0.2614,0.2735
6CAA,0.2973,0.3797,0.3137,0.6454,0.307,0.3169,0.3261,0.3036,0.3357,0.2669,0.3085
6CTF,0.2714,0.2731,0.3652,0.2849,0.6195,0.4909,0.3335,0.3373,0.2897,0.2811,0.3241
6D91,0.308,0.6388,0.3289,0.4262,0.3138,0.3238,0.3223,0.3784,0.3069,0.3086,0.2915
6D9W,0.275,0.5826,0.3301,0.4111,0.2628,0.3077,0.315,0.3119,0.2908,0.2581,0.2722
6DZV,0.3357,0.8425,0.3395,0.4707,0.302,0.3164,0.3297,0.3614,0.3154,0.3248,0.295
6DZW,0.3284,0.8438,0.3622,0.4768,0.2995,0.3116,0.3146,0.3738,0.3155,0.3207,0.3144
6DZY,0.3387,0.8619,0.3676,0.4799,0.313,0.3322,0.3281,0.3823,0.3116,0.298,0.3034
6DZZ,0.3296,0.8162,0.3507,0.4713,0.3046,0.3223,0.363,0.3549,0.3197,0.311,0.3157
6ES1,0.2578,0.2265,0.2626,0.2248,0.2735,0.2526,0.3043,0.2663,0.288,0.2424,0.3057
6F34,0.3286,0.6744,0.3477,0.4759,0.2897,0.3132,0.3126,0.3422,0.3105,0.2813,0.3203
6GCT,0.2698,0.2811,0.365,0.2938,0.559,0.488,0.345,0.3643,0.2979,0.2959,0.3386
6I9Q,0.2794,0.232,0.2889,0.2407,0.2577,0.2792,0.2858,0.2961,0.261,0.2581,0.3507
6IRS,0.3128,0.6493,0.3351,0.5053,0.3108,0.2998,0.3091,0.341,0.3061,0.2636,0.2797
6IRT,0.2871,0.6507,0.3381,0.5019,0.3137,0.2987,0.2851,0.3432,0.3094,0.2642,0.2756
6JI1,0.7083,0.2751,0.3412,0.3355,0.3033,0.3524,0.3354,0.3973,0.3168,0.2823,0.2844
6JKC,0.708,0.3062,0.3556,0.3328,0.3059,0.3522,0.3341,0.4065,0.33,0.2887,0.281
6JKD,0.7058,0.3083,0.3076,0.3371,0.2691,0.3482,0.3211,0.3932,0.3326,0.2846,0.2891
6JMQ,0.2985,0.6255,0.3112,0.4854,0.2851,0.2949,0.31,0.3555,0.281,0.2495,0.2881
6JMR,0.2908,0.2463,0.2822,0.243,0.2426,0.2797,0.2867,0.3092,0.26,0.2268,0.3423
6KKR,0.3097,0.6175,0.3315,0.4791,0.2948,0.3271,0.2922,0.3548,0.3293,0.2717,0.2889
6KKT,0.3162,0.6156,0.2982,0.4831,0.296,0.3295,0.2928,0.3627,0.3295,0.2652,0.3227
6KKU,0.3114,0.618,0.3333,0.4793,0.2961,0.3271,0.3009,0.3607,0.3255,0.2726,0.2897
6KSW,0.284,0.2552,0.4486,0.2849,0.2934,0.3124,0.2509,0.3266,0.3325,0.9447,0.3274
6LI9,0.3157,0.6512,0.3352,0.5007,0.3047,0.2963,0.3345,0.3396,0.3068,0.2725,0.2831
6LID,0.3087,0.647,0.3384,0.5006,0.3086,0.2905,0.3081,0.3377,0.3065,0.2685,0.3032
6LYY,0.6948,0.3161,0.3292,0.3059,0.251,0.3148,0.353,0.356,0.3228,0.2603,0.2881
6LZ0,0.6847,0.3112,0.3151,0.3131,0.2731,0.3072,0.3578,0.3572,0.3331,0.2868,0.2797
6M17,0.3183,0.8551,0.3165,0.471,0.3142,0.3111,0.3833,0.367,0.3208,0.3387,0.2884
6M18,0.304,0.8508,0.298,0.4732,0.306,0.3085,0.3723,0.3579,0.3128,0.3291,0.28
6M1D,0.3047,0.8385,0.2983,0.4737,0.3068,0.3019,0.324,0.3478,0.3116,0.3311,0.302
6MP6,0.275,0.2721,0.3452,0.2934,0.8846,0.4471,0.3201,0.363,0.3421,0.3149,0.2809
6MPB,0.2731,0.2718,0.347,0.3,0.8856,0.4494,0.3291,0.351,0.3385,0.3143,0.2803
6N3I,0.809,0.3173,0.3475,0.3165,0.2872,0.3345,0.3881,0.367,0.3317,0.3112,0.2751
6NLE,0.3102,0.9581,0.3484,0.4911,0.3144,0.3103,0.326,0.3826,0.3193,0.2769,0.2952
6NPH,0.3239,0.6388,0.3365,0.46,0.3091,0.2922,0.33,0.3572,0.3259,0.2826,0.3202
6NPJ,0.2548,0.2629,0.2859,0.2346,0.2473,0.2372,0.2623,0.252,0.2986,0.2594,0.3171
6NPK,0.3202,0.641,0.3424,0.4617,0.3048,0.2927,0.3383,0.3624,0.3238,0.286,0.3241
6NPL,0.3205,0.6486,0.3372,0.4607,0.3164,0.3119,0.3784,0.3627,0.3263,0.281,0.3144
6NUC,0.2359,0.2314,0.259,0.2476,0.2459,0.2728,0.2829,0.2753,0.2915,0.2368,0.3013
6NUF,0.2248,0.2265,0.2595,0.2475,0.2443,0.2663,0.2818,0.2722,0.2874,0.2346,0.3006
6NUU,0.2206,0.2073,0.2585,0.2472,0.245,0.2617,0.2439,0.2862,0.2881,0.2381,0.307
6OB6,0.6386,0.2684,0.3255,0.3082,0.2814,0.3257,0.3279,0.3516,0.3331,0.2907,0.2736
6OB7,0.6539,0.2754,0.3436,0.3092,0.2846,0.3248,0.3437,0.3364,0.3115,0.3043,0.2773
6OH2,0.3291,0.2407,0.3061,0.2477,0.2681,0.2651,0.3176,0.3291,0.3072,0.256,0.2644
6OH3,0.3391,0.2329,0.3169,0.3056,0.2574,0.2724,0.3177,0.3198,0.3134,0.2655,0.2668
6OH4,0.3287,0.2328,0.3037,0.2939,0.2673,0.2622,0.3166,0.3282,0.3082,0.2578,0.2651
6OKZ,0.2991,0.2647,0.3212,0.2665,0.3246,0.2776,0.3045,0.3617,0.3132,0.5,0.2996
6OL0,0.2549,0.2316,0.3223,0.2822,0.3181,0.2895,0.2711,0.3468,0.3043,0.4903,0.2968
6OL1,0.2922,0.2678,0.3297,0.2549,0.3353,0.2725,0.2806,0.3774,0.3092,0.501,0.3014
6PZT,0.3206,0.6409,0.2854,0.4684,0.3173,0.3059,0.3331,0.3368,0.3154,0.265,0.3258
6R7R,0.2517,0.2644,0.3429,0.2678,0.95,0.4435,0.3692,0.3721,0.3275,0.3088,0.3054
6RTC,0.2926,0.3485,0.3005,0.7022,0.3141,0.3,0.3656,0.3233,0.332,0.2511,0.2788
6RTF,0.3046,0.354,0.2988,0.7165,0.3149,0.2975,0.347,0.3207,0.3403,0.2594,0.2648
6RVX,0.2699,0.2748,0.3648,0.2926,0.5279,0.4891,0.3304,0.3693,0.2882,0.2986,0.333
6RVY,0.2684,0.2735,0.355,0.291,0.5276,0.4918,0.3178,0.3665,0.2862,0.2882,0.3325
6S7T,0.2901,0.2762,0.3156,0.2545,0.3103,0.307,0.3511,0.3135,0.3993,0.2869,0.329
6S8V,0.2888,0.2384,0.2738,0.2335,0.2409,0.2631,0.2661,0.2875,0.2661,0.242,0.3508
6SUA,0.2764,0.2311,0.2824,0.2427,0.26,0.2733,0.2873,0.2998,0.2581,0.2371,0.352
6THA,0.994,0.3029,0.3372,0.311,0.278,0.3249,0.3485,0.3791,0.3438,0.3085,0.2849
6TL2,0.296,0.6513,0.375,0.443,0.3359,0.3267,0.3374,0.3554,0.3802,0.2879,0.2944
6UKN,0.3189,0.6236,0.3391,0.4798,0.3063,0.3224,0.3215,0.3607,0.3091,0.2609,0.2811
6UOX,0.2594,0.2987,0.3547,0.3208,0.3407,0.3468,0.4257,0.3504,0.4199,0.3454,0.3166
6V3F,0.2612,0.3083,0.4074,0.3152,0.3369,0.355,0.3863,0.3195,0.4168,0.3524,0.3576
6V3H,0.2802,0.3137,0.3584,0.3146,0.3639,0.3624,0.4357,0.3397,0.4088,0.3495,0.3609
6V8G,0.2425,0.2659,0.3571,0.2769,0.9524,0.4295,0.3702,0.3648,0.3273,0.292,0.3084
6VRH,0.3088,0.8641,0.3697,0.4811,0.316,0.3182,0.3368,0.3826,0.3177,0.2959,0.3067
6VRK,0.3146,0.865,0.3617,0.4804,0.3143,0.3342,0.3422,0.38,0.327,0.2962,0.3056
6VRL,0.3106,0.864,0.3622,0.4814,0.3139,0.3191,0.3402,0.3811,0.3199,0.2964,0.3097
6VYH,0.6945,0.2901,0.3008,0.3026,0.2793,0.3324,0.3662,0.2979,0.3546,0.3162,0.3174
6W2B,0.3325,0.8602,0.3723,0.4772,0.326,0.3362,0.3377,0.3682,0.3268,0.301,0.3069
6W2C,0.3325,0.8602,0.3723,0.4772,0.326,0.3362,0.3415,0.3682,0.3268,0.3008,0.3069
6W4S,0.7035,0.2938,0.2816,0.3083,0.281,0.3322,0.3509,0.3599,0.3498,0.3158,0.3195
6W5R,0.261,0.3,0.364,0.3178,0.3457,0.3629,0.3858,0.3423,0.4215,0.3586,0.3225
6W5S,0.2629,0.3039,0.4073,0.3125,0.3491,0.3617,0.4434,0.3451,0.423,0.3537,0.3226
6W5T,0.2759,0.3046,0.3542,0.3111,0.3499,0.3533,0.4419,0.2955,0.4137,0.3396,0.3587
6W5U,0.2784,0.3109,0.3557,0.3121,0.3527,0.3374,0.4401,0.2898,0.4099,0.3417,0.3582
6W5V,0.2743,0.3023,0.3552,0.3079,0.3469,0.3539,0.4329,0.2912,0.415,0.3427,0.3579
6WBV,0.7033,0.3008,0.3299,0.3084,0.2712,0.3416,0.3697,0.3256,0.3205,0.3158,0.2746
6WIK,0.6818,0.2885,0.2948,0.3172,0.2712,0.3405,0.3631,0.3676,0.3544,0.3103,0.2616
6WJ2,0.2381,0.2404,0.2963,0.2212,0.23,0.2149,0.2951,0.2334,0.3092,0.256,0.3156
6WJ3,0.2499,0.2466,0.2904,0.2339,0.2307,0.2213,0.3042,0.2348,0.3034,0.2616,0.3123
6WYJ,0.2629,0.2643,0.3361,0.2637,0.7938,0.4544,0.2942,0.3488,0.3042,0.2901,0.3232
6WYK,0.2706,0.2686,0.3461,0.2957,0.6908,0.476,0.3208,0.3489,0.2947,0.2915,0.3115
6WYL,0.2626,0.2626,0.3415,0.267,0.7878,0.4574,0.2948,0.3423,0.3034,0.2808,0.3001
6WZB,0.2754,0.2683,0.3629,0.2911,0.6207,0.4879,0.3301,0.3218,0.2885,0.284,0.338
6X01,0.2537,0.2595,0.3544,0.2616,0.9764,0.4336,0.3637,0.3811,0.33,0.2942,0.3066
6X2L,0.258,0.2633,0.3606,0.2759,0.566,0.4966,0.289,0.396,0.3132,0.2907,0.3269
6X2Z,0.252,0.2597,0.3171,0.2745,0.8652,0.4593,0.3163,0.3752,0.3347,0.3183,0.3005
6X3E,0.253,0.2534,0.3037,0.269,0.8638,0.4572,0.316,0.3756,0.3339,0.3159,0.3135
6X3F,0.2671,0.2719,0.3637,0.288,0.5812,0.4912,0.2971,0.3735,0.3139,0.2503,0.3201
6XBO,0.3431,0.224,0.3003,0.307,0.2725,0.2912,0.3178,0.3794,0.2905,0.2426,0.2735
6XPD,0.2544,0.224,0.2947,0.2241,0.2854,0.2673,0.8266,0.3475,0.3018,0.2032,0.2552
6XPE,0.2182,0.2171,0.2569,0.1996,0.2843,0.2314,0.7855,0.3315,0.2742,0.2249,0.2259
6XPF,0.2423,0.2333,0.2616,0.2383,0.2875,0.2588,0.7028,0.2626,0.2896,0.2316,0.2555
6XSJ,0.2951,0.2428,0.3046,0.2831,0.2789,0.3042,0.2965,0.3119,0.2925,0.2841,0.3797
6XSV,0.2727,0.2617,0.3032,0.2809,0.2842,0.3066,0.273,0.325,0.2943,0.2821,0.3821
6XWM,0.3229,0.9092,0.3212,0.4849,0.3035,0.3025,0.2979,0.3758,0.3075,0.3046,0.2756
6XWN,0.2742,0.2761,0.3651,0.295,0.5775,0.4995,0.3625,0.3625,0.2938,0.285,0.326
6XWO,0.271,0.2769,0.3624,0.295,0.5765,0.5007,0.3569,0.3617,0.2944,0.2841,0.3249
6XWP,0.2817,0.2769,0.3645,0.2778,0.5776,0.5,0.339,0.363,0.2932,0.288,0.3257
6XWQ,0.2655,0.2659,0.3438,0.2699,0.8127,0.4707,0.3079,0.3659,0.3082,0.3089,0.3207
6XWR,0.2733,0.2781,0.3592,0.2963,0.5753,0.5015,0.3629,0.3609,0.2818,0.2864,0.3142
6YUP,0.2657,0.5265,0.2946,0.4066,0.2655,0.2647,0.3171,0.313,0.2656,0.2502,0.2441
6YUZ,0.296,0.2363,0.3531,0.2417,0.2713,0.2881,0.2899,0.2651,0.2766,0.2902,0.3406
6YV1,0.2714,0.5288,0.2762,0.411,0.2656,0.2754,0.3156,0.3131,0.2694,0.2505,0.2562
6ZBI,0.4578,0.4355,0.4797,0.4368,0.4779,0.4449,0.5115,0.476,0.449,0.4645,0.4838
6ZBV,0.3052,0.8094,0.356,0.4541,0.3077,0.3383,0.3755,0.3239,0.3214,0.2982,0.273
6ZGB,0.2288,0.2682,0.3389,0.2656,0.9493,0.4399,0.3188,0.3987,0.3406,0.311,0.302
6ZL4,0.2575,0.2551,0.3381,0.2661,0.9499,0.4397,0.3618,0.3963,0.3341,0.3075,0.3025
6ZLH,0.2569,0.2667,0.339,0.2653,0.9498,0.4387,0.2757,0.3964,0.3343,0.3107,0.3014
6ZPL,0.3041,0.8058,0.3209,0.4517,0.2868,0.3361,0.3716,0.3271,0.3099,0.2881,0.2861
7AHK,0.2467,0.2615,0.3446,0.2698,0.9684,0.4322,0.3403,0.3943,0.3426,0.2871,0.2646
7AIP,0.3284,0.6281,0.3349,0.482,0.3059,0.3214,0.3587,0.3561,0.3239,0.2583,0.3256
7AIQ,0.3284,0.6219,0.3171,0.4875,0.3116,0.3172,0.3618,0.3236,0.3239,0.2594,0.3338
7AIR,0.3274,0.6281,0.3372,0.4814,0.2975,0.3234,0.3449,0.3551,0.3239,0.253,0.3042
7AWL,0.2609,0.2449,0.3203,0.2722,0.797,0.4431,0.3639,0.3419,0.3321,0.3059,0.314
7AWM,0.2634,0.2539,0.3258,0.274,0.8432,0.4461,0.3585,0.3535,0.3296,0.3275,0.3129
7AWN,0.2619,0.2458,0.3193,0.272,0.8018,0.4419,0.2694,0.3413,0.3282,0.3081,0.3113
7AWP,0.238,0.2486,0.3242,0.2715,0.7965,0.439,0.3582,0.3316,0.3276,0.309,0.314
7AWQ,0.263,0.2438,0.3226,0.2743,0.8288,0.4436,0.3647,0.3513,0.3227,0.3203,0.3121
7B00,0.2976,0.6438,0.3263,0.5,0.3086,0.3044,0.2848,0.3503,0.2974,0.2651,0.2833
7BCQ,0.2811,0.2711,0.3347,0.295,0.8888,0.4637,0.3589,0.3699,0.3435,0.3227,0.3121
7BCS,0.2744,0.273,0.3326,0.2642,0.8886,0.4636,0.3586,0.3702,0.3434,0.3216,0.3124
7BCT,0.2768,0.2733,0.3333,0.2706,0.8888,0.4628,0.3594,0.354,0.3432,0.3256,0.312
7BP3,0.7171,0.2912,0.3412,0.2803,0.2592,0.3195,0.3685,0.3996,0.3489,0.2989,0.2834
7CCS,0.3063,0.6561,0.3423,0.4943,0.2751,0.3095,0.3125,0.3287,0.3198,0.2766,0.2967
7CH1,0.3025,0.3417,0.3038,0.6985,0.2747,0.2954,0.3325,0.3353,0.3449,0.2587,0.2769
7CKO,0.7182,0.2993,0.3276,0.3266,0.2701,0.3108,0.3439,0.3713,0.3585,0.2795,0.2828
7CKR,0.6995,0.3143,0.325,0.3219,0.2756,0.3205,0.3585,0.3559,0.3369,0.2887,0.2737
7CMH,0.2993,0.6482,0.3304,0.501,0.3108,0.3048,0.3106,0.3321,0.2858,0.2695,0.3002
7CMI,0.3013,0.6481,0.3294,0.4977,0.3096,0.3079,0.29,0.3505,0.294,0.2653,0.2826
7CRZ,0.8552,0.3152,0.3628,0.2986,0.2679,0.3251,0.3788,0.3538,0.314,0.2862,0.2834
7D10,0.3164,0.6321,0.331,0.4656,0.3065,0.302,0.3267,0.366,0.303,0.2489,0.331
7D14,0.3264,0.6152,0.2928,0.4472,0.3093,0.3284,0.3588,0.3857,0.3388,0.2711,0.2737
7D8Z,0.3318,0.6292,0.3394,0.4889,0.2921,0.3358,0.3641,0.3651,0.3318,0.2788,0.3258
7D99,0.3308,0.6273,0.3098,0.4998,0.2973,0.3338,0.365,0.3661,0.332,0.264,0.2996
7DA5,0.7154,0.298,0.3416,0.3286,0.2708,0.3118,0.3454,0.3835,0.358,0.289,0.2842
7DF1,0.2567,0.2301,0.2902,0.2266,0.2346,0.2756,0.2698,0.3152,0.2593,0.2457,0.3524
7DF8,0.2663,0.2896,0.3607,0.3259,0.3529,0.321,0.4325,0.33,0.3983,0.3556,0.359
7DFW,0.261,0.2952,0.3995,0.3283,0.2799,0.3786,0.4331,0.3141,0.3931,0.3619,0.3387
7DFZ,0.2725,0.2873,0.3435,0.2634,0.3475,0.3294,0.4349,0.337,0.3881,0.2888,0.3556
7DSK,0.3249,0.6862,0.3391,0.476,0.3064,0.3006,0.3277,0.3315,0.3248,0.2664,0.3115
7DSL,0.3219,0.6842,0.3372,0.4756,0.3062,0.2975,0.2852,0.3461,0.3225,0.2646,0.2878
7DSN,0.3163,0.6836,0.3387,0.4757,0.3095,0.2963,0.3264,0.3472,0.3413,0.2684,0.2777
7DSQ,0.3003,0.6897,0.3511,0.4431,0.3071,0.3102,0.2857,0.3229,0.3429,0.275,0.3121
7DSV,0.326,0.2744,0.3065,0.3346,0.4315,0.6881,0.338,0.3444,0.3109,0.3065,0.2634
7DSW,0.3267,0.2932,0.2875,0.3366,0.435,0.69,0.3148,0.3454,0.3199,0.3057,0.2603
7DSX,0.3361,0.2913,0.3063,0.3328,0.4432,0.6698,0.328,0.3453,0.3332,0.3149,0.3194
7DWX,0.3183,0.8551,0.3165,0.471,0.3142,0.3111,0.3833,0.367,0.3208,0.3387,0.2884
7EPZ,0.3121,0.6496,0.3391,0.4937,0.3065,0.3025,0.2915,0.366,0.316,0.2771,0.3041
7FCI,0.2706,0.235,0.2885,0.2889,0.3831,0.4968,0.2992,0.3748,0.2911,0.251,0.2534
7JSJ,0.2684,0.2642,0.3464,0.2733,0.3481,0.2966,0.3151,0.3899,0.3191,0.5019,0.2979
7JSK,0.2751,0.2683,0.353,0.2658,0.3459,0.2936,0.3166,0.3949,0.3219,0.5043,0.2904
7KGV,0.2974,0.5918,0.3246,0.4256,0.2604,0.3311,0.3219,0.3379,0.3121,0.251,0.2824
7LGU,0.3096,0.3667,0.2819,0.7434,0.2775,0.2896,0.3494,0.3141,0.3402,0.2362,0.2889
7LGW,0.3096,0.3504,0.3122,0.7441,0.2791,0.2766,0.364,0.3367,0.3716,0.2294,0.2673
7LH2,0.3052,0.3586,0.3139,0.7366,0.2626,0.2866,0.3588,0.3315,0.3058,0.2632,0.2755
7LH3,0.3035,0.361,0.3136,0.7361,0.263,0.287,0.3429,0.3201,0.3058,0.2628,0.2641
7LI6,0.3418,0.8226,0.3603,0.4497,0.3064,0.3053,0.3211,0.3568,0.3211,0.2808,0.303
7LI7,0.3432,0.8594,0.355,0.4743,0.3218,0.3298,0.3217,0.3699,0.3216,0.3244,0.3046
7LI8,0.3417,0.816,0.3531,0.4805,0.3038,0.3114,0.3417,0.3526,0.3247,0.2798,0.301
7LI9,0.3293,0.8234,0.3638,0.4796,0.305,0.3094,0.3003,0.3497,0.3167,0.3152,0.309
7LIA,0.3414,0.8639,0.3644,0.4765,0.3103,0.3213,0.3547,0.3849,0.3249,0.3272,0.3084
7LQJ,0.3222,0.9916,0.3166,0.4916,0.3127,0.323,0.345,0.3937,0.3454,0.3012,0.2957
7LQK,0.3192,0.9917,0.3035,0.4908,0.3127,0.3232,0.351,0.3713,0.3443,0.3008,0.295
7LQL,0.3195,0.9803,0.3073,0.4921,0.3146,0.3242,0.3415,0.3864,0.3497,0.2928,0.2984
7LWD,0.3139,0.8616,0.3645,0.4817,0.316,0.313,0.3329,0.3838,0.3251,0.2984,0.3034
7MGW,0.3444,0.856,0.3544,0.472,0.3161,0.334,0.326,0.3665,0.3176,0.3283,0.3054
7MJS,0.7225,0.2987,0.3778,0.3326,0.3002,0.2819,0.364,0.335,0.3002,0.3008,0.2721
7N4U,0.2712,0.2968,0.3994,0.3281,0.3554,0.3776,0.4419,0.3238,0.3905,0.3593,0.3587
7N4V,0.2772,0.2987,0.4044,0.3317,0.3498,0.3738,0.4432,0.3193,0.401,0.361,0.3586
7N4X,0.2775,0.2986,0.4055,0.3382,0.3524,0.3731,0.4429,0.3202,0.4048,0.3659,0.3634
7N98,0.6867,0.3025,0.3392,0.3004,0.3028,0.3287,0.365,0.3524,0.318,0.2745,0.2775
7NF6,0.3157,0.6504,0.3435,0.505,0.3067,0.3132,0.3265,0.3613,0.3114,0.2653,0.2976
7NF7,0.3126,0.2494,0.3456,0.2398,0.2702,0.2802,0.3094,0.3386,0.2764,0.2941,0.3455
7NF8,0.3157,0.6504,0.3435,0.505,0.3067,0.3132,0.3265,0.3613,0.3114,0.2659,0.2985
7NGH,0.2499,0.2709,0.3454,0.2741,0.8073,0.4727,0.3115,0.357,0.326,0.2923,0.3195
7NPW,0.2645,0.2482,0.3564,0.2809,0.5665,0.4764,0.3199,0.362,0.2949,0.291,0.3
7NQK,0.6872,0.28,0.3079,0.3044,0.2891,0.3323,0.3495,0.3606,0.3259,0.3007,0.3014
7O82,0.3307,0.6658,0.3669,0.4564,0.3018,0.3046,0.3044,0.3653,0.317,0.2939,0.2878
7OIX,0.7051,0.3117,0.3407,0.295,0.2978,0.3114,0.3851,0.3454,0.3447,0.2822,0.2658
7P4I,0.2509,0.2623,0.3168,0.2844,0.5334,0.4793,0.3203,0.3185,0.2736,0.2891,0.3024
7P9U,0.3146,0.6479,0.3415,0.4919,0.3095,0.3075,0.2745,0.3365,0.3106,0.2788,0.296
7P9V,0.303,0.6495,0.3386,0.4919,0.3054,0.3083,0.278,0.3668,0.2879,0.2791,0.2898
7PHQ,0.27,0.608,0.3375,0.4139,0.3135,0.3228,0.3433,0.3104,0.318,0.2571,0.293
7PIJ,0.27,0.608,0.3375,0.4139,0.3135,0.3228,0.3433,0.3097,0.318,0.2571,0.293
7PMW,0.6844,0.2902,0.3581,0.3008,0.2894,0.3208,0.3597,0.3722,0.3366,0.301,0.2964
7PMX,0.6927,0.2822,0.3447,0.2963,0.2867,0.3282,0.352,0.3656,0.3298,0.2873,0.2861
7PMY,0.7539,0.2896,0.3617,0.3276,0.3054,0.3174,0.3426,0.3804,0.3334,0.3028,0.2756
7PN1,0.6586,0.2667,0.3216,0.2783,0.2853,0.3357,0.3321,0.3677,0.3256,0.2855,0.2867
7PQG,0.2411,0.2415,0.3054,0.2958,0.3606,0.5589,0.2788,0.3894,0.3396,0.2476,0.2682
7PQQ,0.2415,0.2325,0.2926,0.2872,0.3858,0.4957,0.2929,0.367,0.2848,0.2496,0.2486
7RCP,0.2377,0.2669,0.3226,0.2665,0.9857,0.4391,0.3728,0.3773,0.3408,0.3035,0.3027
7S1X,0.3292,0.6631,0.3329,0.475,0.3225,0.2826,0.3494,0.3854,0.3174,0.2718,0.3363
7S1Y,0.3258,0.6667,0.3105,0.4829,0.32,0.3146,0.3295,0.3554,0.3252,0.2746,0.3331
7S1Z,0.3241,0.6529,0.3193,0.4751,0.3118,0.3162,0.3204,0.3363,0.309,0.268,0.3226
7S8U,0.7227,0.2971,0.3691,0.332,0.2986,0.3134,0.3815,0.392,0.2678,0.2973,0.2798
7S8X,0.3095,0.352,0.3138,0.7428,0.2767,0.2722,0.3492,0.3162,0.3443,0.235,0.2664
7S9A,0.289,0.3465,0.314,0.7322,0.268,0.2934,0.3451,0.3312,0.3058,0.2591,0.2791
7S9B,0.2877,0.347,0.3149,0.7164,0.2789,0.3007,0.3323,0.321,0.3273,0.2515,0.2653
7S9C,0.2851,0.3452,0.3074,0.718,0.2574,0.2648,0.3425,0.3192,0.2982,0.2536,0.2882
7S9D,0.296,0.3478,0.3172,0.7305,0.2768,0.2984,0.3392,0.3293,0.3365,0.2336,0.253
7S9E,0.2884,0.3441,0.3162,0.7262,0.2742,0.3046,0.3472,0.3255,0.3429,0.2628,0.2785
7SFL,0.3186,0.647,0.2941,0.4546,0.3147,0.3083,0.3632,0.3382,0.3158,0.2584,0.3056
7SK2,0.3387,0.8082,0.3498,0.4712,0.3025,0.2963,0.3379,0.3672,0.3281,0.3044,0.3031
7SL9,0.3391,0.6001,0.338,0.4615,0.3254,0.3162,0.3124,0.3591,0.347,0.2706,0.2582
7SMP,0.3261,0.6623,0.3395,0.4789,0.3205,0.3293,0.3749,0.3535,0.3057,0.2687,0.3337
7SPS,0.8531,0.3154,0.3306,0.2957,0.2736,0.3254,0.3792,0.358,0.3104,0.3149,0.2788
7SPT,0.8584,0.3142,0.3385,0.2731,0.2791,0.3257,0.38,0.3551,0.3151,0.3229,0.2807
7SUN,0.308,0.3489,0.3097,0.7432,0.2738,0.3073,0.343,0.3157,0.3671,0.2546,0.2685
7TTH,0.3133,0.629,0.3362,0.4856,0.3013,0.3198,0.3508,0.3623,0.3083,0.2788,0.2939
7TTI,0.3104,0.668,0.3104,0.4598,0.3041,0.3227,0.3062,0.3883,0.3139,0.2721,0.3246
7TX6,0.6556,0.2771,0.2943,0.311,0.2917,0.3201,0.3123,0.353,0.3417,0.2971,0.2865
7TX7,0.6548,0.2789,0.2978,0.2742,0.2923,0.3206,0.3145,0.3558,0.3354,0.3029,0.2797
7TXT,0.3106,0.8685,0.371,0.4783,0.3193,0.3004,0.3461,0.3877,0.3281,0.2981,0.3098
7TY4,0.277,0.4057,0.2971,0.6726,0.3218,0.3317,0.3063,0.332,0.3582,0.2698,0.2913
7TY6,0.269,0.4031,0.3335,0.677,0.3221,0.2912,0.3375,0.3592,0.3601,0.29,0.2869
7TY7,0.2717,0.4029,0.3048,0.6757,0.322,0.3277,0.3056,0.3583,0.3562,0.29,0.3057
7TY8,0.2889,0.4028,0.2973,0.6748,0.3195,0.3306,0.3078,0.3302,0.3637,0.2716,0.2904
7TYA,0.2754,0.3938,0.3331,0.6593,0.3166,0.3249,0.2991,0.3518,0.3541,0.2864,0.3008
7UG0,0.2753,0.2732,0.3655,0.2967,0.5729,0.4935,0.3439,0.3806,0.2885,0.287,0.3194
7UGD,0.2534,0.2659,0.3527,0.2722,0.6207,0.4702,0.3385,0.3228,0.2723,0.2814,0.2933
7UGJ,0.2352,0.2601,0.3237,0.2911,0.9581,0.4249,0.3265,0.3912,0.3324,0.296,0.2879
7UGV,0.2694,0.2788,0.3739,0.2846,0.6119,0.4863,0.3107,0.3235,0.2838,0.2906,0.3212
7UGX,0.2407,0.2659,0.3693,0.2657,0.619,0.4698,0.3308,0.3453,0.3012,0.283,0.3244
7UH3,0.2664,0.2633,0.3347,0.261,0.8265,0.4539,0.3237,0.3276,0.3176,0.3024,0.3171
7UH6,0.2451,0.2686,0.3711,0.2993,0.6224,0.4648,0.282,0.3616,0.306,0.2892,0.2707
7UUY,0.3119,0.5977,0.3201,0.4425,0.3102,0.3164,0.3281,0.3443,0.3507,0.2806,0.2774
7UUZ,0.304,0.6029,0.3267,0.4385,0.3224,0.3217,0.3131,0.3757,0.3543,0.286,0.297
7UV0,0.3121,0.5975,0.3284,0.4338,0.3168,0.328,0.3135,0.3603,0.3512,0.2718,0.2653
7V61,0.3052,0.8508,0.298,0.4732,0.306,0.3085,0.3723,0.3579,0.3121,0.3291,0.28
7VAE,0.2236,0.2269,0.2908,0.2897,0.385,0.4931,0.2843,0.3746,0.2894,0.2485,0.2526
7VR7,0.2647,0.2652,0.3435,0.2987,0.552,0.488,0.3222,0.3342,0.3009,0.2923,0.3259
7VR8,0.2657,0.2676,0.3436,0.2924,0.5504,0.4795,0.3295,0.3894,0.2994,0.2859,0.3341
7VSI,0.3538,0.6179,0.3301,0.4532,0.3209,0.3155,0.3416,0.3842,0.3637,0.2703,0.2855
7WK1,0.297,0.3561,0.3128,0.7137,0.2722,0.279,0.3449,0.3236,0.3126,0.2379,0.2786
7WK7,0.305,0.3536,0.313,0.7139,0.2723,0.2791,0.3343,0.3202,0.3122,0.2582,0.2786
7WL2,0.3074,0.3566,0.3114,0.7197,0.3117,0.2802,0.3375,0.3191,0.314,0.2551,0.2834
7WL7,0.2939,0.3569,0.3121,0.7196,0.2731,0.2892,0.34,0.3159,0.3174,0.2553,0.2736
7WL8,0.3062,0.3547,0.3138,0.7228,0.2723,0.2947,0.329,0.3255,0.3182,0.2624,0.282
7WL9,0.3073,0.3556,0.3114,0.7175,0.2721,0.286,0.3355,0.3419,0.3116,0.2364,0.2819
7WLA,0.2972,0.3545,0.3115,0.7167,0.307,0.2765,0.3375,0.34,0.3158,0.2382,0.282
7WLB,0.2979,0.3557,0.3117,0.7232,0.2727,0.3013,0.3455,0.3211,0.315,0.2564,0.2752
7WLE,0.2722,0.3562,0.3197,0.705,0.2829,0.3071,0.3408,0.3377,0.3035,0.2644,0.2944
7WMV,0.3339,0.6165,0.3335,0.4503,0.3207,0.3217,0.3132,0.4018,0.3741,0.2803,0.283
7WSM,0.9815,0.3134,0.3321,0.3198,0.2747,0.3233,0.3654,0.3568,0.333,0.2973,0.2893
7WSN,0.9792,0.3143,0.3326,0.3194,0.2865,0.3243,0.3668,0.3553,0.3336,0.2832,0.2874
7WWB,0.2526,0.2359,0.458,0.2638,0.2898,0.3066,0.2714,0.3159,0.3025,0.2502,0.2675
7X1G,0.3109,0.3841,0.3233,0.7214,0.3305,0.329,0.3233,0.3384,0.3775,0.2782,0.2955
7X1H,0.3041,0.3841,0.3243,0.722,0.3306,0.331,0.3233,0.3384,0.3771,0.2785,0.2956
7X1I,0.2457,0.3998,0.3038,0.7094,0.3232,0.3216,0.3205,0.3801,0.3721,0.293,0.2893
7X1J,0.2817,0.3992,0.3018,0.711,0.324,0.3213,0.3252,0.3799,0.3727,0.288,0.2917
7X2U,0.3291,0.2965,0.3048,0.3323,0.4354,0.6915,0.3492,0.3543,0.3363,0.298,0.2867
7XLM,0.2968,0.3457,0.3084,0.7134,0.3089,0.3099,0.356,0.34,0.3389,0.2456,0.2695
7XPZ,0.6613,0.2815,0.2984,0.2893,0.2996,0.3528,0.3191,0.3679,0.3329,0.2964,0.2853
7XQ0,0.6581,0.2904,0.3174,0.2838,0.3082,0.3107,0.3206,0.3649,0.3393,0.2984,0.2876
7XQ1,0.6608,0.287,0.3058,0.2865,0.3083,0.3481,0.3215,0.3655,0.3325,0.2959,0.2831
7XQ2,0.6626,0.2912,0.3012,0.2871,0.3037,0.3502,0.3459,0.3673,0.3428,0.2981,0.2819
7XR4,0.2751,0.2711,0.3492,0.2991,0.5622,0.4816,0.2712,0.3867,0.3032,0.2914,0.3312
7XR6,0.2713,0.2846,0.3586,0.2852,0.5522,0.4894,0.2933,0.3932,0.3036,0.293,0.3277
7Y5G,0.2404,0.2166,0.2842,0.2193,0.2858,0.2585,0.803,0.3344,0.2927,0.2031,0.26
7Y5H,0.242,0.2146,0.287,0.2133,0.2877,0.2178,0.7895,0.3333,0.2785,0.2032,0.2435
7Y75,0.3402,0.8097,0.3439,0.4527,0.3228,0.3318,0.3752,0.3438,0.311,0.2737,0.2987
7Y7V,0.3372,0.8104,0.3512,0.4699,0.3009,0.3314,0.3481,0.3622,0.327,0.3045,0.3214
7Y7W,0.3354,0.8357,0.3518,0.4529,0.3079,0.3333,0.3461,0.366,0.324,0.2963,0.299
7Y7Y,0.3227,0.8266,0.3499,0.4536,0.3099,0.3248,0.3476,0.3588,0.3168,0.2982,0.3177
7Y7Z,0.3408,0.8116,0.3517,0.4665,0.3122,0.3248,0.3389,0.365,0.3262,0.3042,0.3124
7YNI,0.3221,0.5972,0.3652,0.4423,0.3343,0.314,0.3214,0.3837,0.3586,0.2662,0.2592
7YNJ,0.3133,0.5998,0.3472,0.4466,0.3174,0.3244,0.3286,0.3534,0.322,0.2774,0.263
7YNK,0.3274,0.5772,0.3459,0.4542,0.3194,0.2941,0.3143,0.3634,0.3514,0.2743,0.2853
7YR5,0.734,0.2833,0.3481,0.3243,0.2615,0.3197,0.3354,0.3735,0.3583,0.3016,0.2818
7ZC2,0.7175,0.2856,0.3198,0.3305,0.3105,0.3528,0.3422,0.4201,0.3392,0.3065,0.2799
7ZGO,0.3124,0.6449,0.3335,0.4654,0.3172,0.3141,0.3353,0.3618,0.3234,0.2777,0.3261
7ZH0,0.7422,0.3113,0.3518,0.3078,0.2847,0.3419,0.3549,0.3619,0.3285,0.3052,0.2853
7ZH6,0.7338,0.3071,0.315,0.3189,0.252,0.3419,0.3568,0.3592,0.3222,0.2913,0.2733
7ZHA,0.7436,0.3102,0.2903,0.3126,0.2781,0.354,0.3531,0.3318,0.3245,0.2818,0.2848
7ZYI,0.2376,0.23,0.2834,0.2799,0.362,0.4917,0.2929,0.3691,0.3264,0.2538,0.248
8A6L,0.3124,0.6482,0.3353,0.5,0.3167,0.3061,0.2931,0.3467,0.3116,0.2743,0.2917
8AFA,0.2513,0.2506,0.3434,0.2745,0.9425,0.4328,0.3712,0.3668,0.3216,0.3088,0.3045
8BLP,0.2768,0.2496,0.321,0.32,0.2871,0.2933,0.2933,0.3367,0.5313,0.2864,0.2862
8BVR,0.8175,0.3018,0.3515,0.3053,0.3002,0.3169,0.3598,0.375,0.3495,0.2871,0.2791
8BVS,0.8186,0.3012,0.3424,0.2897,0.2953,0.3186,0.3635,0.3465,0.346,0.2969,0.2648
8BVT,0.8206,0.3042,0.3488,0.3095,0.3019,0.3327,0.3648,0.348,0.3421,0.2841,0.2743
8BW7,0.8132,0.2982,0.3483,0.3085,0.299,0.3185,0.362,0.355,0.3433,0.288,0.2621
8BZY,0.7035,0.3038,0.3006,0.3063,0.2977,0.3388,0.3594,0.3669,0.3486,0.3105,0.3206
8C02,0.7028,0.3034,0.3378,0.3047,0.2978,0.3381,0.3615,0.3665,0.3455,0.3075,0.2732
8C03,0.7029,0.3073,0.3011,0.3018,0.2776,0.3403,0.3602,0.3609,0.3392,0.3147,0.2867
8CNI,0.7187,0.281,0.3705,0.2907,0.2737,0.3111,0.3744,0.3332,0.3212,0.2985,0.2636
8CTC,0.2586,0.268,0.3549,0.269,0.7233,0.4824,0.3104,0.3481,0.3246,0.2614,0.31
8CTD,0.2514,0.2596,0.3148,0.2775,0.8369,0.457,0.3659,0.3719,0.3276,0.3086,0.3072
8CUA,0.2571,0.2653,0.3399,0.2749,0.7489,0.4734,0.3074,0.3369,0.3243,0.3021,0.2996
8CUD,0.2734,0.2461,0.3176,0.2697,0.8641,0.4468,0.3679,0.3625,0.3308,0.2892,0.2925
8CUI,0.2681,0.2676,0.3366,0.2772,0.7611,0.4674,0.2914,0.3561,0.3254,0.3,0.3052
8CUJ,0.2609,0.2505,0.3292,0.2752,0.8624,0.4506,0.3685,0.3629,0.3279,0.3072,0.2925
8CV2,0.2556,0.2322,0.3313,0.2761,0.869,0.4518,0.3692,0.3578,0.335,0.2952,0.2984
8CV3,0.268,0.2632,0.3323,0.2733,0.7848,0.4644,0.3257,0.3589,0.3219,0.2953,0.3135
8DEP,0.6555,0.2794,0.2955,0.2751,0.2905,0.3226,0.3152,0.3591,0.3405,0.3034,0.2752
8DHB,0.2453,0.2438,0.2779,0.2013,0.2506,0.2379,0.31,0.2435,0.2747,0.2613,0.3054
8DKE,0.2309,0.2619,0.2454,0.2386,0.2286,0.2678,0.3709,0.3105,0.2997,0.2236,0.285
8DKI,0.2382,0.2369,0.2404,0.2289,0.2624,0.261,0.3438,0.2971,0.2994,0.2635,0.2899
8DKM,0.2384,0.2366,0.2341,0.2337,0.245,0.2628,0.3428,0.2947,0.2898,0.2516,0.2835
8DKW,0.2321,0.2625,0.2297,0.2383,0.2321,0.2687,0.3539,0.3103,0.2993,0.236,0.2908
8DKX,0.2333,0.242,0.2315,0.239,0.2344,0.2686,0.3694,0.3105,0.2992,0.2257,0.2915
8DL6,0.6959,0.2997,0.3258,0.311,0.275,0.3399,0.3737,0.3749,0.3358,0.3169,0.2678
8DL7,0.6949,0.2936,0.3507,0.3257,0.2694,0.3497,0.3615,0.3515,0.3411,0.3065,0.3203
8DL8,0.7106,0.304,0.3576,0.3125,0.2911,0.3427,0.3301,0.3372,0.3542,0.316,0.2771
8DWI,0.7961,0.3036,0.3337,0.3085,0.2741,0.3394,0.3662,0.3854,0.3764,0.2926,0.2829
8DYP,0.2169,0.257,0.2522,0.2127,0.2381,0.2579,0.3448,0.2924,0.297,0.2463,0.2917
8E5S,0.2875,0.6209,0.3021,0.421,0.3133,0.3013,0.3335,0.3201,0.3262,0.2634,0.2891
8E5V,0.2645,0.6213,0.3009,0.4224,0.3068,0.3242,0.3336,0.3253,0.3037,0.2672,0.2738
8E60,0.2654,0.6232,0.309,0.4212,0.316,0.3249,0.3295,0.3191,0.3043,0.2672,0.2784
8E6H,0.288,0.62,0.3036,0.422,0.3054,0.2825,0.3323,0.3244,0.3012,0.2641,0.297
8E6I,0.2686,0.6187,0.3012,0.43,0.3149,0.3278,0.3338,0.329,0.2995,0.266,0.2916
8E6L,0.2755,0.6125,0.3059,0.4258,0.2968,0.2897,0.3186,0.3166,0.2989,0.2647,0.2658
8E6M,0.276,0.6126,0.2929,0.4299,0.2981,0.3044,0.32,0.3518,0.3054,0.2667,0.2415
8E6N,0.309,0.6396,0.2891,0.426,0.3157,0.3199,0.3026,0.3685,0.3102,0.3029,0.2755
8EUS,0.2001,0.1757,0.2571,0.2021,0.2065,0.1972,0.276,0.258,0.2501,0.2023,0.2557
8FHN,0.3079,0.6585,0.3287,0.4858,0.3229,0.3193,0.3381,0.3269,0.3121,0.2644,0.3302
8FHO,0.3007,0.6568,0.3376,0.4813,0.3246,0.3033,0.3275,0.3284,0.2987,0.2677,0.3364
8FHP,0.329,0.6527,0.323,0.4856,0.3149,0.3197,0.3107,0.3206,0.3109,0.2675,0.3283
8FHQ,0.3074,0.6536,0.333,0.4871,0.3177,0.32,0.3137,0.3325,0.2992,0.2682,0.3294
8FHR,0.328,0.6535,0.3235,0.4864,0.3165,0.3197,0.3104,0.3306,0.2992,0.2697,0.3325
8G0M,0.2797,0.2378,0.2921,0.2382,0.255,0.273,0.2842,0.2392,0.2649,0.2485,0.3507
8GOE,0.6678,0.2864,0.3076,0.311,0.2962,0.3568,0.348,0.3674,0.3402,0.2968,0.2905
8GOF,0.6653,0.2854,0.3194,0.2829,0.2914,0.3552,0.3226,0.3659,0.341,0.3024,0.2962
8HB0,0.3345,0.6177,0.329,0.4507,0.3316,0.3245,0.3347,0.3873,0.3769,0.2783,0.2949
8HDH,0.3474,0.6173,0.3246,0.4506,0.3311,0.3253,0.3525,0.3857,0.3582,0.2764,0.2965
8HEZ,0.3512,0.6173,0.3287,0.4513,0.3261,0.3162,0.3493,0.3872,0.3223,0.2793,0.2959
8HG7,0.3483,0.6181,0.3276,0.4523,0.3291,0.3185,0.3334,0.3858,0.3597,0.2776,0.2822
8HII,0.648,0.2751,0.2997,0.2887,0.2851,0.3229,0.3199,0.3604,0.3262,0.2811,0.2711
8HIJ,0.6556,0.2754,0.3002,0.2782,0.2851,0.3446,0.321,0.3585,0.3196,0.2987,0.2689
8HIK,0.6481,0.2758,0.305,0.2869,0.2828,0.3257,0.3258,0.3603,0.3271,0.3053,0.2684
8HIN,0.3312,0.5804,0.3428,0.4672,0.3212,0.3131,0.3368,0.362,0.3577,0.2814,0.2713
8HNB,0.6885,0.3299,0.2984,0.3242,0.3038,0.3255,0.3328,0.365,0.3496,0.2652,0.279
8HNC,0.703,0.3231,0.3132,0.3252,0.3002,0.3222,0.3681,0.3482,0.3496,0.2565,0.2824
8HND,0.7583,0.2714,0.3516,0.3404,0.3035,0.332,0.3477,0.374,0.3761,0.3105,0.2815
8HNH,0.6961,0.3292,0.2967,0.3225,0.2989,0.3216,0.3298,0.3598,0.3494,0.2792,0.2782
8I92,0.3342,0.8548,0.3213,0.473,0.3166,0.3086,0.3837,0.3695,0.3205,0.3347,0.3157
8I93,0.3187,0.8536,0.3086,0.4702,0.3153,0.3114,0.3412,0.3594,0.305,0.3358,0.2888
8IDA,0.3133,0.6896,0.3181,0.4836,0.3063,0.3014,0.2922,0.3332,0.3222,0.2768,0.3115
8J74,0.3448,0.6289,0.3312,0.4471,0.3105,0.3403,0.3285,0.3796,0.343,0.2902,0.274
8J75,0.3472,0.6292,0.3352,0.4488,0.3138,0.3345,0.3155,0.3802,0.3281,0.2968,0.2713
8J76,0.3258,0.5773,0.3127,0.4359,0.3246,0.3283,0.3318,0.3462,0.3343,0.2515,0.2802
8J77,0.3001,0.5823,0.3107,0.4206,0.3201,0.3346,0.3321,0.3514,0.3289,0.2484,0.2841
8J8L,0.3133,0.6843,0.3101,0.4834,0.3099,0.2926,0.3046,0.3243,0.3192,0.2684,0.304
8J8M,0.3161,0.69,0.3452,0.4816,0.3057,0.3128,0.2827,0.3361,0.3433,0.2719,0.3034
8JLC,0.7651,0.32,0.362,0.2923,0.3011,0.3415,0.3591,0.3582,0.3287,0.3092,0.2871
8JLE,0.2589,0.2282,0.285,0.2454,0.2429,0.2415,0.296,0.2612,0.2875,0.23,0.2867
8JLF,0.7651,0.3192,0.3315,0.2915,0.3014,0.3421,0.3609,0.3754,0.3288,0.3086,0.2813
8JLG,0.2564,0.2278,0.3052,0.2425,0.2424,0.2445,0.2864,0.2516,0.288,0.2455,0.2904
8JLH,0.7665,0.3185,0.3517,0.2984,0.3008,0.3412,0.3605,0.3576,0.3289,0.2982,0.2952
8JLI,0.7649,0.3191,0.326,0.3089,0.3024,0.3353,0.3602,0.3755,0.3268,0.3073,0.2763
8JS8,0.7653,0.3197,0.3324,0.2928,0.3014,0.3414,0.3595,0.3263,0.328,0.309,0.3035
8JS9,0.7652,0.3197,0.3303,0.2919,0.3012,0.3418,0.3573,0.3347,0.3288,0.3084,0.3026
8JSW,0.7118,0.2721,0.3166,0.2879,0.2883,0.324,0.3558,0.3448,0.3374,0.2831,0.2707
8JSX,0.702,0.2848,0.3171,0.2918,0.2894,0.3194,0.3305,0.325,0.3428,0.2824,0.267
8JT5,0.7148,0.2936,0.3191,0.287,0.2895,0.3236,0.3538,0.3496,0.3476,0.2825,0.2779
8JT9,0.7123,0.2725,0.3308,0.2924,0.2902,0.3222,0.3611,0.3589,0.3408,0.2873,0.2715
8JTA,0.6995,0.2621,0.3277,0.2849,0.2928,0.3146,0.3617,0.3645,0.3459,0.3099,0.2656
8JTB,0.6983,0.2796,0.3335,0.2898,0.2872,0.3089,0.356,0.3311,0.3351,0.282,0.2678
8JTC,0.7402,0.2611,0.3499,0.3082,0.2955,0.3007,0.3351,0.3561,0.367,0.2927,0.2789
8JZR,0.7,0.3106,0.3718,0.3038,0.2835,0.3221,0.3578,0.3287,0.3407,0.3126,0.264
8JZS,0.7156,0.3113,0.3723,0.3162,0.2747,0.3452,0.3578,0.3652,0.339,0.3126,0.2662
8JZU,0.7235,0.3039,0.3656,0.3271,0.3264,0.3267,0.384,0.3991,0.3504,0.3,0.293
8JZX,0.6964,0.3115,0.3525,0.3028,0.2753,0.3223,0.3632,0.3359,0.3413,0.3111,0.2652
8K6L,0.6763,0.3172,0.3072,0.3149,0.2954,0.3105,0.3608,0.3547,0.3178,0.2542,0.2686
8K77,0.7651,0.3179,0.362,0.2917,0.3065,0.3413,0.358,0.3587,0.3406,0.2991,0.2903
8KDD,0.3131,0.6771,0.3514,0.475,0.2809,0.3212,0.2925,0.337,0.3514,0.2765,0.3097
8KDF,0.3241,0.6769,0.3518,0.4745,0.2806,0.3222,0.306,0.3364,0.353,0.2772,0.3096
8KDG,0.2955,0.6822,0.3231,0.4742,0.2859,0.3036,0.3211,0.3382,0.2901,0.2623,0.3175
8KDH,0.2963,0.6827,0.3296,0.4742,0.2803,0.3034,0.3266,0.3392,0.3269,0.2626,0.3155
8KDI,0.3107,0.6367,0.3366,0.4983,0.2861,0.3076,0.2889,0.3456,0.3101,0.2688,0.29
8KDJ,0.3098,0.6369,0.3366,0.498,0.2897,0.3074,0.2888,0.348,0.31,0.2688,0.2892
8KDN,0.3224,0.6868,0.3253,0.4414,0.2774,0.3217,0.2962,0.3342,0.3502,0.2708,0.3116
8KDO,0.3132,0.6859,0.3203,0.4417,0.2773,0.3056,0.3339,0.3334,0.3503,0.2763,0.3091
8KDP,0.3215,0.6838,0.3263,0.4413,0.2798,0.3194,0.2985,0.3356,0.2973,0.2778,0.3117
8OMU,0.8116,0.3029,0.3521,0.3103,0.2945,0.2949,0.3628,0.3552,0.3633,0.2879,0.2595
8OUD,0.2678,0.2635,0.3488,0.2716,0.5492,0.4909,0.3438,0.384,0.2913,0.2885,0.3278
8OUH,0.2751,0.2615,0.3537,0.2727,0.8848,0.4542,0.3743,0.3456,0.3367,0.2927,0.2786
8OUI,0.2703,0.2829,0.3647,0.2948,0.5375,0.4943,0.3359,0.3866,0.2925,0.2999,0.3186
8OUJ,0.2749,0.2625,0.3458,0.2912,0.8854,0.4535,0.3753,0.3503,0.3361,0.3191,0.2736
8P2W,0.3433,0.8177,0.352,0.458,0.3259,0.3292,0.3856,0.3453,0.3121,0.2813,0.2849
8P2X,0.3507,0.8183,0.3506,0.458,0.323,0.3301,0.3867,0.3444,0.3175,0.286,0.2923
8P2Y,0.3436,0.8183,0.3503,0.4586,0.3222,0.3293,0.3863,0.3206,0.3054,0.2801,0.2912
8P2Z,0.346,0.8237,0.3418,0.4539,0.3222,0.3347,0.3781,0.3278,0.3111,0.2744,0.2937
8P30,0.3397,0.8236,0.3452,0.4536,0.3225,0.3352,0.378,0.3261,0.3055,0.2744,0.3113
8P31,0.3468,0.8222,0.3414,0.4506,0.3201,0.3293,0.3785,0.3451,0.3169,0.2751,0.297
8PG0,0.7375,0.2985,0.3512,0.3315,0.3116,0.3192,0.3869,0.3904,0.3651,0.3035,0.2819
8PHW,0.6691,0.2813,0.3321,0.3358,0.2644,0.3103,0.3294,0.3264,0.3521,0.2976,0.265
8QEY,0.2908,0.6577,0.2824,0.4948,0.3127,0.3035,0.2903,0.348,0.2862,0.2669,0.2908
8QRO,0.2661,0.2582,0.3147,0.274,0.8663,0.4594,0.3798,0.3792,0.3407,0.2929,0.315
8QRP,0.268,0.2581,0.3371,0.2976,0.875,0.4571,0.3479,0.3478,0.3404,0.288,0.3138
8QRQ,0.2708,0.2606,0.3437,0.2916,0.8654,0.4621,0.3782,0.3802,0.3416,0.2934,0.3164
8QRR,0.2726,0.2595,0.3351,0.2905,0.8758,0.4612,0.378,0.3783,0.3422,0.2903,0.3177
8QRS,0.2666,0.266,0.3559,0.2695,0.803,0.4867,0.3603,0.3664,0.3442,0.2935,0.3021
8QRU,0.2678,0.2657,0.3495,0.2741,0.7173,0.4934,0.312,0.3541,0.3406,0.3136,0.3156
8QRV,0.2651,0.2573,0.3298,0.2743,0.8728,0.4492,0.38,0.3654,0.3379,0.2904,0.3109
8QRW,0.2805,0.2632,0.3476,0.2734,0.8233,0.4791,0.3126,0.346,0.3384,0.2933,0.3098
8RQF,0.2735,0.2341,0.2858,0.2857,0.3905,0.4856,0.29,0.3682,0.2891,0.2547,0.2527
8SDU,0.8211,0.3032,0.3476,0.2877,0.2995,0.3171,0.3632,0.3828,0.3483,0.3008,0.2664
8SDY,0.8218,0.3008,0.3497,0.2791,0.3018,0.3206,0.3616,0.3503,0.3592,0.2858,0.2628
8SDZ,0.8235,0.306,0.3449,0.2804,0.301,0.3189,0.3686,0.3484,0.3501,0.2973,0.2659
8STE,0.2454,0.2326,0.2611,0.2072,0.2209,0.2402,0.2363,0.2479,0.2839,0.2501,0.3143
8T69,0.6935,0.2975,0.3259,0.2904,0.2959,0.3074,0.3643,0.3488,0.3513,0.3115,0.2754
8T6A,0.7221,0.2593,0.3477,0.3073,0.3014,0.3123,0.3306,0.3832,0.3676,0.2874,0.2885
8T6B,0.7273,0.2567,0.346,0.3089,0.3014,0.3106,0.3416,0.3867,0.3596,0.2779,0.2731
8T6U,0.2759,0.4041,0.3061,0.6788,0.3215,0.3271,0.3045,0.3554,0.3566,0.2881,0.2864
8T6V,0.268,0.3967,0.3335,0.6726,0.3244,0.2856,0.3362,0.3584,0.356,0.2876,0.2855
8TGG,0.71,0.2979,0.2854,0.287,0.2902,0.3192,0.3622,0.313,0.346,0.2785,0.2759
8TGH,0.7117,0.2949,0.3299,0.2904,0.2899,0.3211,0.3384,0.3377,0.346,0.2848,0.2806
8TGI,0.7169,0.2968,0.3314,0.2913,0.288,0.3164,0.3585,0.3226,0.3461,0.2856,0.2672
8TGK,0.7148,0.2967,0.3315,0.2866,0.2888,0.3186,0.3427,0.3174,0.347,0.2853,0.2778
8TGL,0.7047,0.2942,0.3223,0.2881,0.2873,0.3153,0.3463,0.3317,0.3468,0.285,0.2836
8TGN,0.7144,0.2976,0.3282,0.2858,0.2871,0.3231,0.3564,0.3263,0.3481,0.2917,0.284
8THR,0.6889,0.2948,0.334,0.2922,0.2958,0.3141,0.3576,0.3596,0.3492,0.2916,0.278
8TNW,0.2803,0.3564,0.2917,0.7099,0.2938,0.298,0.3495,0.3311,0.3574,0.2446,0.2629
8TNX,0.2722,0.3511,0.2796,0.7035,0.3018,0.3007,0.334,0.3266,0.3374,0.2215,0.2671
8TNY,0.272,0.3539,0.2641,0.6813,0.2861,0.2911,0.3567,0.3364,0.3378,0.2507,0.2799
8TYU,0.1965,0.1946,0.2079,0.1828,0.2172,0.222,0.324,0.2843,0.2023,0.1974,0.2133
8TYV,0.1971,0.2016,0.2126,0.1854,0.1946,0.2293,0.3239,0.2813,0.2031,0.1769,0.2218
8TZ1,0.2929,0.2743,0.4293,0.2532,0.2831,0.3113,0.2767,0.3156,0.3355,0.9445,0.3309
8TZ2,0.291,0.2728,0.4318,0.2579,0.284,0.3111,0.279,0.3076,0.3349,0.9451,0.3311
8TZ3,0.2934,0.2742,0.4325,0.2537,0.2828,0.311,0.2781,0.3186,0.3322,0.945,0.3295
8TZ4,0.2937,0.274,0.4309,0.2574,0.2824,0.3108,0.2659,0.3151,0.3343,0.9455,0.3296
8TZ5,0.2927,0.2717,0.4326,0.2581,0.2838,0.3114,0.2625,0.3168,0.3196,0.9447,0.3264
8TZ6,0.2969,0.2736,0.4323,0.2612,0.283,0.3109,0.272,0.3091,0.3491,0.9445,0.3299
8TZ7,0.2945,0.2693,0.4246,0.253,0.2791,0.2785,0.2738,0.3246,0.3459,0.917,0.3293
8TZ8,0.2921,0.2717,0.4315,0.26,0.2896,0.2552,0.2974,0.3131,0.3373,0.9428,0.325
8TZ9,0.2943,0.2714,0.4248,0.2584,0.2796,0.2774,0.2633,0.3206,0.3199,0.927,0.3279
8TZA,0.2958,0.2725,0.4405,0.2548,0.2819,0.2699,0.2757,0.3235,0.3462,0.9159,0.3185
8TZD,0.2959,0.2693,0.4303,0.2586,0.2804,0.2849,0.2643,0.3252,0.3471,0.9183,0.3291
8TZI,0.6602,0.2738,0.3407,0.3102,0.2847,0.3261,0.3378,0.3679,0.3144,0.2884,0.2764
8U3D,0.8006,0.3103,0.3365,0.3078,0.2883,0.3237,0.3637,0.3832,0.379,0.2938,0.2859
8U3E,0.8015,0.3097,0.3384,0.3147,0.2888,0.3393,0.3661,0.3656,0.3765,0.2921,0.2847
8U3F,0.7472,0.311,0.3508,0.2974,0.2965,0.3215,0.3763,0.3602,0.3452,0.3044,0.288
8U3G,0.8013,0.312,0.3403,0.316,0.2858,0.3397,0.3684,0.3837,0.3772,0.2934,0.2753
8U3H,0.8021,0.3104,0.3407,0.3058,0.2993,0.3353,0.3612,0.3724,0.3741,0.2929,0.2849
8UC1,0.2909,0.3624,0.3074,0.7431,0.3146,0.3139,0.3489,0.3393,0.3144,0.2435,0.2689
8UCN,0.2715,0.2201,0.2817,0.2391,0.2911,0.2795,0.2926,0.3921,0.2715,0.2611,0.2993
8UO9,0.7455,0.3104,0.3489,0.2911,0.2964,0.3331,0.3598,0.3569,0.3428,0.2956,0.2808
8UOA,0.1147,0.1213,0.1641,0.1379,0.1652,0.1503,0.1561,0.1565,0.1497,0.1454,0.169
8UVB,0.2906,0.2832,0.3436,0.2759,0.3443,0.3098,0.3129,0.3905,0.3295,0.5122,0.2982
8UVH,0.2875,0.2755,0.3462,0.2748,0.3423,0.3039,0.3251,0.3845,0.3264,0.5097,0.2995
8VBY,0.3222,0.8482,0.3665,0.4696,0.3087,0.3046,0.3629,0.3821,0.3108,0.3226,0.2863
8W6C,0.3034,0.226,0.3237,0.2854,0.2995,0.3086,0.2887,0.366,0.3392,0.4655,0.2789
8W6D,0.3018,0.2176,0.3231,0.2871,0.3776,0.3196,0.2885,0.3774,0.345,0.4643,0.2849
8W6G,0.2721,0.2344,0.3509,0.2847,0.2965,0.3204,0.3102,0.3736,0.3441,0.4621,0.2878
8W6H,0.2797,0.2627,0.3703,0.2759,0.3388,0.2811,0.3075,0.3728,0.3326,0.4936,0.2769
8W6N,0.2847,0.2467,0.3484,0.2761,0.3369,0.2937,0.3086,0.3988,0.335,0.494,0.28
8W6O,0.2789,0.263,0.3475,0.2903,0.3377,0.2872,0.3034,0.3768,0.3122,0.4864,0.2803
8W6T,0.3087,0.2436,0.3472,0.2801,0.3356,0.2964,0.3118,0.4075,0.3309,0.4982,0.2812
8WBY,0.3077,0.8405,0.2956,0.4759,0.3044,0.3115,0.3779,0.3504,0.3299,0.325,0.3087
8WBZ,0.3117,0.8464,0.3023,0.4747,0.3104,0.3093,0.3789,0.3576,0.3203,0.326,0.2672
8WFI,0.3054,0.8454,0.3467,0.4623,0.3074,0.3331,0.3478,0.324,0.3162,0.2845,0.2966
8WFJ,0.3135,0.8016,0.3522,0.4445,0.3018,0.3342,0.3706,0.3355,0.3069,0.2855,0.2792
8WFK,0.3058,0.8473,0.3634,0.4652,0.3076,0.3422,0.3627,0.3532,0.3162,0.3288,0.2798
8WFL,0.3316,0.8549,0.3708,0.4746,0.3072,0.3093,0.3384,0.3613,0.3179,0.2965,0.2996
8WJG,0.7637,0.3196,0.3574,0.2877,0.2766,0.3425,0.3599,0.3609,0.3387,0.289,0.2747
8WJH,0.8037,0.2902,0.3236,0.2808,0.2885,0.3284,0.3423,0.3299,0.3512,0.2987,0.2711
8WJQ,0.765,0.3153,0.3508,0.3133,0.2886,0.3067,0.3579,0.3572,0.3294,0.29,0.275
8WLJ,0.7244,0.3046,0.315,0.301,0.2797,0.3081,0.3337,0.331,0.3421,0.2813,0.2857
8WLK,0.6971,0.2923,0.3226,0.2879,0.2925,0.3091,0.3615,0.3605,0.3499,0.3076,0.2832
8WLL,0.7373,0.2837,0.345,0.3056,0.2977,0.3083,0.3305,0.3321,0.3643,0.2935,0.2724
8WLM,0.7081,0.2909,0.3351,0.2845,0.29,0.3222,0.3555,0.3715,0.3389,0.2844,0.305
8WM3,0.3387,0.7951,0.3441,0.4651,0.3142,0.3249,0.3766,0.3325,0.3047,0.2716,0.2812
8WNS,0.3134,0.6583,0.3034,0.4732,0.3139,0.2982,0.3322,0.3465,0.3392,0.2743,0.2887
8WNT,0.3288,0.6882,0.3202,0.4807,0.3053,0.3028,0.3027,0.3247,0.3255,0.2701,0.3114
8WNY,0.3146,0.6609,0.3214,0.4716,0.2579,0.3031,0.3216,0.3585,0.3397,0.269,0.2902
8WRD,0.7072,0.2698,0.3376,0.2794,0.2885,0.3326,0.3335,0.3491,0.3439,0.2842,0.2761
8WRE,0.7069,0.2706,0.3345,0.2877,0.2897,0.3321,0.3321,0.3393,0.3321,0.2874,0.2759
8WVG,0.699,0.2932,0.3337,0.2829,0.2879,0.3245,0.3619,0.3396,0.3473,0.2931,0.2899
8WX3,0.7118,0.3229,0.362,0.2779,0.2915,0.34,0.3889,0.3554,0.3274,0.3062,0.2824
8WX4,0.7145,0.3221,0.3705,0.2863,0.3126,0.3415,0.3864,0.3442,0.3476,0.2974,0.2823
8WX5,0.7279,0.3053,0.3845,0.3401,0.2922,0.3353,0.3596,0.4081,0.36,0.2819,0.2865
8X0W,0.3156,0.6847,0.3361,0.4754,0.2725,0.2984,0.2844,0.3307,0.3261,0.2626,0.3136
8X3K,0.6906,0.2832,0.3307,0.2807,0.2915,0.3081,0.3362,0.3481,0.3374,0.2862,0.2666
8X5B,0.3241,0.2584,0.2995,0.2725,0.3069,0.2903,0.3459,0.3303,0.3033,0.3064,0.3207
8X5E,0.3167,0.2489,0.2933,0.2605,0.3036,0.2772,0.3436,0.297,0.298,0.2545,0.3148
8X5F,0.331,0.2482,0.2854,0.2608,0.2961,0.276,0.3264,0.315,0.3009,0.3197,0.3187
8XCD,0.2399,0.2302,0.2649,0.2586,0.371,0.4817,0.2878,0.3727,0.3326,0.2528,0.2677
8XO9,0.7466,0.2889,0.3426,0.3039,0.3012,0.312,0.3383,0.3672,0.3614,0.2962,0.2741
8XOA,0.699,0.2749,0.325,0.2906,0.2865,0.3129,0.3551,0.3338,0.345,0.2839,0.2597
8XOB,0.7182,0.2945,0.331,0.282,0.286,0.3201,0.3287,0.3625,0.3375,0.283,0.2702
8XPU,0.3103,0.6841,0.301,0.479,0.3063,0.2962,0.2827,0.3298,0.2975,0.2738,0.3047
8Y2C,0.287,0.8014,0.3452,0.4575,0.2891,0.3269,0.3797,0.3321,0.3178,0.2782,0.2774
8Y2D,0.317,0.8198,0.3443,0.4477,0.2855,0.3335,0.3787,0.3368,0.3083,0.2779,0.3051
8Y2E,0.3108,0.7953,0.3124,0.4567,0.2887,0.3323,0.3655,0.3266,0.3156,0.2791,0.3043
8Y2F,0.3181,0.8081,0.3458,0.4555,0.3026,0.3288,0.3836,0.3301,0.3068,0.281,0.2933
8Y2G,0.3209,0.8433,0.3625,0.4651,0.2996,0.3334,0.3776,0.3579,0.3112,0.2857,0.3129
8Y5U,0.2952,0.2541,0.3555,0.2658,0.3629,0.3083,0.2901,0.3943,0.3548,0.4899,0.2798
8Y5W,0.3074,0.2657,0.3556,0.2734,0.3459,0.2947,0.3256,0.4101,0.3413,0.503,0.2935
8Y5X,0.3068,0.278,0.3392,0.2733,0.3499,0.2972,0.3143,0.4111,0.3396,0.5042,0.2913
8Y5Y,0.2979,0.2579,0.3758,0.2573,0.3753,0.3102,0.2781,0.3686,0.3528,0.4672,0.3198
8Y5Z,0.2791,0.2642,0.3663,0.2643,0.3461,0.2971,0.356,0.3894,0.3143,0.5032,0.2994
8Y65,0.963,0.3003,0.335,0.3086,0.2798,0.3265,0.3618,0.3426,0.3489,0.2809,0.2817
8Y66,0.9648,0.3007,0.3366,0.3094,0.2702,0.338,0.3649,0.3439,0.348,0.3039,0.2843
8YET,0.335,0.2539,0.2818,0.2603,0.3179,0.2755,0.3225,0.2694,0.2907,0.3153,0.3464
8YEX,0.3286,0.2611,0.2974,0.2857,0.2688,0.2934,0.3539,0.3325,0.293,0.3155,0.3163
8YF0,0.7702,0.306,0.307,0.3088,0.2997,0.3398,0.3672,0.3665,0.2906,0.3031,0.2847
8YF1,0.7639,0.3072,0.3411,0.3083,0.2958,0.3416,0.365,0.3584,0.3385,0.2865,0.2879
8YF4,0.3155,0.2505,0.2967,0.2935,0.2743,0.2801,0.3536,0.2925,0.3205,0.3037,0.3309
8YFD,0.3156,0.2647,0.3007,0.2907,0.2761,0.2893,0.3534,0.2912,0.3182,0.3068,0.3246
8YFU,0.3117,0.2409,0.2919,0.2983,0.2712,0.2704,0.3482,0.2959,0.3169,0.2976,0.3167
8YFW,0.3144,0.2398,0.2933,0.2813,0.2751,0.2708,0.3522,0.3045,0.2904,0.3056,0.323
8YFX,0.3175,0.2504,0.2989,0.2833,0.2694,0.2963,0.3505,0.3009,0.305,0.3157,0.3189
8YLP,0.3124,0.6896,0.3163,0.4769,0.2722,0.298,0.3084,0.3341,0.344,0.2722,0.2779
8ZQO,0.3449,0.6274,0.3332,0.4524,0.3057,0.3289,0.3306,0.3762,0.3429,0.2668,0.2908
8ZQP,0.3469,0.6092,0.3401,0.4531,0.3175,0.3355,0.3139,0.3668,0.3194,0.2933,0.2863
8ZQQ,0.3297,0.5946,0.3085,0.4325,0.3098,0.303,0.31,0.3604,0.3331,0.2557,0.2804
8ZQR,0.2963,0.566,0.334,0.4251,0.2958,0.2954,0.2907,0.3732,0.3278,0.2593,0.2646
8ZTO,0.3342,0.2617,0.3047,0.2879,0.2615,0.2685,0.3376,0.3341,0.2955,0.2737,0.3202
8ZXM,0.9677,0.3025,0.3353,0.319,0.2927,0.3333,0.3676,0.343,0.3441,0.3109,0.2871
8ZXN,0.9718,0.3008,0.3393,0.3225,0.2675,0.3318,0.3649,0.3551,0.3484,0.3093,0.2857
9AYB,0.7477,0.3081,0.3378,0.3144,0.2969,0.326,0.3851,0.3444,0.3332,0.2909,0.2806
9B1F,0.8348,0.2922,0.3301,0.3052,0.2613,0.3243,0.3484,0.3808,0.3516,0.2943,0.276
9B1G,0.835,0.2919,0.3341,0.3037,0.2636,0.3252,0.3572,0.3723,0.3468,0.294,0.2797
9B1H,0.8346,0.2921,0.3341,0.2993,0.2615,0.3217,0.349,0.3821,0.3503,0.2979,0.2751
9B1I,0.8342,0.2905,0.3469,0.3004,0.2934,0.3264,0.357,0.3732,0.3561,0.3022,0.2782
9B1J,0.8361,0.2956,0.3342,0.3108,0.2879,0.3264,0.3552,0.3742,0.3481,0.3023,0.2701
9B1K,0.8179,0.297,0.3445,0.3165,0.3079,0.33,0.3477,0.3676,0.3339,0.3003,0.2564
9B1L,0.7731,0.3176,0.3494,0.2832,0.3036,0.3563,0.3563,0.3579,0.3459,0.2954,0.272
9B1M,0.8369,0.2921,0.3402,0.2877,0.3125,0.3195,0.3503,0.3792,0.352,0.3049,0.2779
9B1N,0.8351,0.2917,0.3334,0.2868,0.2654,0.3247,0.3505,0.3779,0.3538,0.3061,0.2767
9B1O,0.8349,0.2921,0.3318,0.3082,0.2631,0.325,0.3514,0.3766,0.3527,0.2996,0.2746
9BFI,0.3206,0.5824,0.317,0.4242,0.325,0.3288,0.3101,0.3796,0.3306,0.2941,0.2548
9BFJ,0.3333,0.606,0.3092,0.4426,0.3308,0.3364,0.3136,0.3831,0.3054,0.2504,0.2719
9BFK,0.3219,0.589,0.3132,0.4185,0.3176,0.3306,0.3104,0.3809,0.3253,0.2972,0.2512
9BH1,0.2591,0.2672,0.3532,0.2765,0.7855,0.4694,0.3512,0.3221,0.3352,0.2723,0.3005
9BH2,0.2577,0.2851,0.359,0.2716,0.9536,0.4431,0.3499,0.3811,0.3493,0.302,0.3148
9BIM,0.355,0.6336,0.3545,0.4526,0.3268,0.3358,0.3283,0.3799,0.3267,0.2955,0.2746
9BIR,0.6959,0.304,0.334,0.2689,0.2732,0.3398,0.3357,0.3769,0.3334,0.2873,0.2657
9BIS,0.6915,0.3084,0.3267,0.28,0.2879,0.3413,0.3303,0.3695,0.3314,0.2913,0.2754
9BIT,0.6933,0.302,0.3305,0.2856,0.2907,0.3421,0.3149,0.377,0.33,0.3087,0.2703
9BIU,0.6942,0.3027,0.331,0.286,0.2898,0.3412,0.3157,0.3758,0.3314,0.2876,0.2765
9C0E,0.334,0.6597,0.3174,0.4749,0.3216,0.3351,0.37,0.3462,0.3284,0.2704,0.3348
9C0G,0.2897,0.6622,0.3392,0.4747,0.3233,0.3411,0.3214,0.3248,0.3253,0.3132,0.3357
9C0H,0.3336,0.663,0.2746,0.4764,0.321,0.3434,0.3472,0.3308,0.3282,0.2706,0.3356
9CAX,0.9715,0.3011,0.3407,0.3222,0.2795,0.3152,0.3675,0.3397,0.3216,0.2981,0.2895
9CBB,0.9522,0.2999,0.3333,0.3219,0.2736,0.3364,0.3645,0.3691,0.3182,0.2764,0.2857
9CKZ,0.3253,0.2651,0.2865,0.2845,0.3132,0.2548,0.322,0.3246,0.2954,0.3138,0.3545
9CL0,0.3176,0.261,0.2864,0.2823,0.2789,0.294,0.3315,0.3158,0.2946,0.2982,0.3549
9CY1,0.6887,0.3303,0.2721,0.3132,0.2948,0.3155,0.3652,0.3555,0.3315,0.2834,0.3082
9CY3,0.6887,0.3292,0.294,0.2883,0.2959,0.3085,0.3613,0.3706,0.332,0.267,0.2772
9CY4,0.6862,0.3273,0.2939,0.3121,0.2968,0.3141,0.3603,0.3691,0.3303,0.2971,0.3066
9D66,0.2636,0.2643,0.3579,0.2658,0.7179,0.4872,0.3176,0.3498,0.327,0.3117,0.3061
9D67,0.2745,0.2662,0.3432,0.2711,0.7259,0.4901,0.3176,0.353,0.3289,0.2948,0.3079
9D68,0.2697,0.268,0.3184,0.278,0.8696,0.458,0.3417,0.3474,0.3366,0.2916,0.3048
9D69,0.2609,0.2665,0.3436,0.2741,0.7506,0.4848,0.3148,0.3512,0.3356,0.3105,0.306
9D6A,0.2695,0.2673,0.3606,0.2685,0.7199,0.491,0.3212,0.3495,0.3296,0.3138,0.3269
9DVJ,0.3267,0.2505,0.2952,0.2838,0.2783,0.2754,0.32,0.3183,0.3119,0.308,0.3551
9DVK,0.3256,0.246,0.2933,0.2823,0.2782,0.2796,0.3273,0.3196,0.305,0.2802,0.3545
9DVL,0.3278,0.2599,0.2961,0.2839,0.2778,0.2805,0.3204,0.3164,0.3118,0.2767,0.3461
9DVM,0.3399,0.2802,0.3523,0.2854,0.3026,0.31,0.3276,0.3156,0.3135,0.3191,0.3528
9DVN,0.3392,0.2877,0.3506,0.2829,0.2774,0.2779,0.3279,0.3158,0.315,0.2963,0.3549
9DVO,0.3388,0.2797,0.3512,0.2833,0.277,0.3131,0.329,0.3162,0.3111,0.3141,0.3493
9DVP,0.3414,0.2891,0.3525,0.2837,0.2864,0.2773,0.3287,0.3148,0.2847,0.3119,0.3461
9DZ2,0.1786,0.1834,0.2641,0.2028,0.1925,0.2021,0.2626,0.2721,0.244,0.2077,0.2351
9EO4,0.3232,0.8586,0.37,0.4456,0.3098,0.3076,0.3619,0.3648,0.3146,0.2939,0.2936
9F6N,0.3107,0.6506,0.2967,0.441,0.3332,0.328,0.3567,0.3547,0.3536,0.2716,0.2958
9F6O,0.3097,0.6502,0.32,0.4446,0.3289,0.3272,0.34,0.3605,0.3537,0.2981,0.2997
9F6P,0.2951,0.6408,0.3649,0.4534,0.3252,0.2923,0.3666,0.3698,0.3436,0.3055,0.3157
9F6Q,0.3163,0.6551,0.3024,0.4396,0.3269,0.3357,0.3224,0.3501,0.3484,0.2733,0.2971
9HCO,0.3067,0.8651,0.3665,0.4773,0.3152,0.3119,0.3338,0.3844,0.3282,0.2959,0.3085
9IJY,0.3256,0.2525,0.2873,0.2837,0.3138,0.295,0.3269,0.3347,0.3053,0.3192,0.3212
9IJZ,0.324,0.2575,0.2915,0.3065,0.2826,0.2466,0.3485,0.3178,0.3036,0.3068,0.3284
9INE,0.3201,0.2566,0.3088,0.3055,0.2816,0.2861,0.34,0.3017,0.3169,0.3157,0.3229
9INF,0.3274,0.262,0.3097,0.2919,0.2824,0.2788,0.3398,0.3416,0.3164,0.3106,0.3261
9INH,0.3254,0.2598,0.303,0.2726,0.3053,0.3065,0.3514,0.3203,0.3238,0.3046,0.3338
9IRB,0.714,0.314,0.3589,0.2824,0.3162,0.3381,0.382,0.3854,0.3468,0.2672,0.2719
9IRC,0.7288,0.2777,0.3674,0.3116,0.2989,0.3209,0.3786,0.3762,0.3577,0.3061,0.2865
9IRW,0.7548,0.3149,0.3575,0.3167,0.2946,0.3006,0.3547,0.3472,0.3488,0.2837,0.2758
9IRX,0.8067,0.2756,0.3218,0.3086,0.3078,0.3232,0.3479,0.3731,0.3595,0.3091,0.2776
9IRY,0.7392,0.2731,0.3357,0.2879,0.3128,0.3232,0.3431,0.3455,0.3014,0.2893,0.2772
9ITG,0.3326,0.2786,0.3441,0.2884,0.2857,0.2904,0.3248,0.315,0.3026,0.2957,0.3167
9IUC,0.3268,0.2609,0.2993,0.2696,0.3038,0.2565,0.3384,0.3044,0.308,0.2747,0.3512
9IWS,0.3254,0.2516,0.3301,0.2596,0.3261,0.2698,0.3253,0.3316,0.3065,0.319,0.3478
9J02,0.8108,0.2969,0.3303,0.2972,0.2946,0.3097,0.3554,0.3416,0.351,0.2959,0.2663
9J04,0.8092,0.3001,0.3233,0.2754,0.2932,0.3069,0.3548,0.3436,0.3527,0.2814,0.2583
9J06,0.8142,0.2959,0.3325,0.2998,0.2839,0.3091,0.3631,0.3393,0.3515,0.2923,0.2647
9J22,0.2847,0.2429,0.3187,0.3345,0.2755,0.2698,0.3169,0.3419,0.5322,0.243,0.2873
9J4X,0.3144,0.26,0.2914,0.2752,0.2827,0.2785,0.3384,0.3209,0.2936,0.2995,0.3206
9J51,0.3132,0.2472,0.29,0.2967,0.2679,0.2757,0.3326,0.3012,0.282,0.2997,0.3217
9J52,0.3156,0.2612,0.2896,0.2793,0.2881,0.2785,0.3354,0.3192,0.2826,0.2966,0.3191
9J53,0.3139,0.2566,0.2882,0.275,0.268,0.2783,0.3357,0.3222,0.2883,0.2991,0.3173
9J5W,0.816,0.2875,0.3349,0.3074,0.309,0.3185,0.3318,0.3238,0.3309,0.2872,0.2616
9J5X,0.8149,0.2854,0.3335,0.3084,0.3021,0.3175,0.3315,0.3315,0.3303,0.2859,0.2579
9J5Z,0.814,0.2867,0.333,0.3097,0.3093,0.3219,0.3588,0.3202,0.3426,0.2874,0.2596
9J72,0.7675,0.2663,0.2985,0.2819,0.2707,0.313,0.3192,0.3412,0.3523,0.2851,0.2734
9J73,0.7663,0.2689,0.3059,0.2841,0.2645,0.3236,0.3197,0.3387,0.3388,0.2856,0.25
9J75,0.7667,0.2668,0.2989,0.2837,0.2741,0.3127,0.3198,0.34,0.341,0.2863,0.2543
9J76,0.7657,0.2624,0.3127,0.2841,0.3072,0.3108,0.3573,0.3375,0.3421,0.2817,0.2628
9J8B,0.3071,0.7809,0.338,0.4405,0.2862,0.3379,0.3528,0.3179,0.2923,0.2912,0.2752
9J8C,0.2991,0.8351,0.3458,0.4583,0.296,0.3326,0.3491,0.3187,0.3193,0.2823,0.2767
9J8D,0.3057,0.792,0.3407,0.4452,0.2896,0.3337,0.3682,0.3123,0.3053,0.2806,0.2769
9J97,0.3202,0.2559,0.3025,0.2796,0.2801,0.2861,0.3454,0.2905,0.293,0.2693,0.32
9J98,0.3141,0.2651,0.2942,0.2771,0.2836,0.2773,0.3508,0.304,0.302,0.2629,0.329
9JDV,0.7266,0.2891,0.3095,0.2903,0.2807,0.317,0.3166,0.3411,0.3298,0.2781,0.2811
9JDY,0.7247,0.2918,0.3412,0.2899,0.2818,0.3251,0.3187,0.3394,0.3306,0.2823,0.2815
9JDZ,0.7272,0.2912,0.3416,0.2925,0.2837,0.316,0.3186,0.3432,0.329,0.2837,0.2596
9JE0,0.7273,0.2905,0.3439,0.2908,0.2843,0.321,0.3182,0.3433,0.3305,0.2839,0.2603
9JE1,0.7266,0.2888,0.344,0.2918,0.283,0.3218,0.3202,0.3393,0.3323,0.2855,0.26
9JOZ,0.6622,0.3007,0.2819,0.2825,0.2982,0.3447,0.3597,0.3404,0.3238,0.2854,0.2801
9JRI,0.6582,0.2987,0.2743,0.287,0.2983,0.3307,0.3416,0.3461,0.3302,0.288,0.2825
9JRK,0.6621,0.2671,0.2769,0.2908,0.2929,0.3367,0.3594,0.3422,0.3302,0.2836,0.3023
9JRL,0.6607,0.279,0.2889,0.2891,0.2969,0.3391,0.3575,0.3422,0.3292,0.2812,0.2836
9JRM,0.6548,0.298,0.272,0.2845,0.2602,0.3383,0.3579,0.3474,0.3287,0.2848,0.2685
9JRN,0.659,0.2936,0.291,0.2835,0.3004,0.3372,0.357,0.3389,0.328,0.2885,0.2829
9JVV,0.2669,0.2672,0.3466,0.2894,0.5617,0.4845,0.2821,0.3909,0.2967,0.2885,0.3228
9JVW,0.2523,0.2834,0.3484,0.2954,0.5624,0.4804,0.2922,0.3844,0.2944,0.2723,0.3351
9JVX,0.2619,0.2595,0.3483,0.2949,0.5624,0.4808,0.2711,0.3898,0.2995,0.2801,0.3184
9JXD,0.3261,0.255,0.2895,0.2864,0.2767,0.296,0.3204,0.3236,0.2997,0.2754,0.3547
9JXE,0.3284,0.2625,0.3491,0.2894,0.3041,0.2589,0.3363,0.3167,0.2844,0.3192,0.3168
9JXF,0.3272,0.2658,0.349,0.2824,0.2768,0.2565,0.331,0.3212,0.2863,0.3147,0.3203
9JXG,0.3266,0.2691,0.3512,0.2995,0.2748,0.3015,0.3185,0.325,0.2919,0.315,0.3172
9JXH,0.3219,0.2837,0.3477,0.2804,0.2859,0.2934,0.3179,0.2988,0.2917,0.2581,0.3159
9JXI,0.3263,0.2664,0.3487,0.2873,0.2699,0.2987,0.3216,0.3229,0.3013,0.3186,0.3483
9JXJ,0.3367,0.2834,0.3359,0.2889,0.2768,0.2877,0.3279,0.3121,0.3064,0.3006,0.3523
9JXK,0.3249,0.2637,0.2946,0.2679,0.3083,0.2683,0.3498,0.2943,0.3221,0.3113,0.3237
9JXL,0.3356,0.2846,0.3425,0.2881,0.3115,0.2856,0.321,0.3121,0.3064,0.3,0.3523
9JXM,0.3293,0.265,0.2875,0.2668,0.2816,0.2927,0.3522,0.2844,0.3246,0.311,0.3246
9JXN,0.3249,0.2819,0.3539,0.2818,0.2819,0.2869,0.3264,0.3069,0.2797,0.3114,0.3171
9JXO,0.3381,0.2867,0.3529,0.2877,0.2893,0.2983,0.325,0.3295,0.3012,0.2994,0.3188
9JXP,0.3312,0.2616,0.2883,0.3058,0.3027,0.2819,0.3534,0.3125,0.3039,0.3038,0.3229
9JXQ,0.3446,0.2762,0.3514,0.2535,0.2942,0.2851,0.3292,0.3357,0.3041,0.3149,0.3199
9JXR,0.3201,0.2554,0.3508,0.296,0.3113,0.2674,0.3445,0.3047,0.3208,0.3078,0.326
9KJU,0.3124,0.6896,0.3163,0.4769,0.2722,0.298,0.3084,0.3341,0.344,0.2722,0.2779
9KKK,0.813,0.3009,0.3341,0.2876,0.2878,0.2953,0.361,0.3274,0.3457,0.2811,0.2712
9KKQ,0.3377,0.6085,0.3581,0.4468,0.3287,0.3236,0.3265,0.3606,0.3537,0.2843,0.2809
9KKW,0.3326,0.5736,0.3469,0.4533,0.3219,0.3118,0.3307,0.3631,0.3211,0.2836,0.268
9KL0,0.312,0.5233,0.3136,0.4258,0.3221,0.2958,0.2819,0.3298,0.3076,0.2717,0.2724
9KL5,0.8236,0.2952,0.3398,0.3018,0.2883,0.2955,0.3548,0.3343,0.3535,0.2976,0.268
9KLZ,0.7844,0.2754,0.3126,0.275,0.2755,0.3277,0.3587,0.3336,0.3419,0.2888,0.2698
9KMN,0.332,0.5777,0.3528,0.4635,0.3291,0.2843,0.3296,0.3669,0.3566,0.2858,0.2737
9KQ8,0.6938,0.2847,0.334,0.2844,0.2894,0.31,0.3386,0.3256,0.3396,0.2802,0.2682
9KQA,0.7003,0.2924,0.2921,0.2806,0.2815,0.323,0.3625,0.3657,0.3448,0.3041,0.2874
9KQE,0.6904,0.284,0.3355,0.2804,0.2915,0.3087,0.3362,0.3486,0.3398,0.286,0.2666
9KY5,0.3004,0.6914,0.3338,0.4796,0.2783,0.301,0.3108,0.3534,0.336,0.2793,0.3167
9L0B,0.6955,0.3187,0.3367,0.2993,0.2807,0.3251,0.3577,0.3651,0.3405,0.2857,0.275
9L0C,0.7016,0.3182,0.3143,0.3034,0.2802,0.3209,0.3537,0.3651,0.3353,0.2921,0.27
9LDR,0.3135,0.6885,0.3156,0.4779,0.2816,0.2984,0.3196,0.3426,0.3426,0.2713,0.2729
9NTC,0.7228,0.3067,0.3511,0.3189,0.2774,0.3347,0.3259,0.3525,0.3548,0.2939,0.2808
9OKF,0.7708,0.3057,0.3605,0.2904,0.3028,0.3397,0.3379,0.3379,0.309,0.3145,0.2943
9P4X,0.262,0.2853,0.3236,0.3009,0.5665,0.4905,0.2823,0.3339,0.2876,0.2535,0.3221
9P4Y,0.2658,0.2564,0.3633,0.2935,0.5583,0.4822,0.2984,0.3379,0.2844,0.2888,0.2931
9P4Z,0.2619,0.2646,0.3608,0.2932,0.566,0.4978,0.308,0.3963,0.3166,0.2774,0.2929
9PC9,0.7267,0.3026,0.353,0.3175,0.3009,0.3312,0.3314,0.365,0.3266,0.2962,0.2692
9PCB,0.7274,0.3031,0.3516,0.3159,0.2978,0.3326,0.3373,0.3601,0.3242,0.2915,0.2765
9PIE,0.3245,0.6499,0.3353,0.4776,0.3249,0.3065,0.3502,0.3215,0.2951,0.2636,0.3255
9PIF,0.3255,0.6496,0.3196,0.479,0.324,0.3068,0.3491,0.373,0.3186,0.2635,0.33
9PIG,0.3261,0.6473,0.334,0.4802,0.3249,0.2816,0.3487,0.3702,0.3146,0.264,0.3307
9PNS,0.3465,0.8618,0.3607,0.461,0.3064,0.3388,0.323,0.3728,0.3186,0.3008,0.3073
9PRS,0.7643,0.3192,0.323,0.2935,0.3071,0.3321,0.348,0.3673,0.3097,0.2807,0.2878
9QU3,0.2557,0.2577,0.477,0.2596,0.3019,0.3181,0.2579,0.2693,0.299,0.3118,0.2742
9QUB,0.343,0.2848,0.293,0.2647,0.4619,0.6606,0.3299,0.3549,0.3471,0.3242,0.29
9QUW,0.3418,0.285,0.3008,0.2877,0.4597,0.6631,0.3287,0.356,0.3498,0.3216,0.2881
9QZQ,0.2544,0.2327,0.2645,0.2701,0.3254,0.5162,0.2812,0.3975,0.3165,0.2844,0.263
9RXN,0.1183,0.1406,0.1707,0.1545,0.1353,0.1424,0.1736,0.1845,0.1494,0.1528,0.1557
9RXO,0.1244,0.1257,0.165,0.1271,0.1364,0.1168,0.1243,0.1722,0.1273,0.1288,0.1443
9RXP,0.1301,0.1102,0.1603,0.1522,0.1272,0.1194,0.1373,0.1686,0.1292,0.1314,0.1438
9RXQ,0.1254,0.1127,0.1549,0.1347,0.1353,0.1098,0.1244,0.1731,0.1292,0.1219,0.1339
9RXR,0.1315,0.138,0.1789,0.1519,0.143,0.146,0.1363,0.1776,0.1547,0.1575,0.172
9RXS,0.1071,0.1206,0.1434,0.1484,0.1286,0.1081,0.124,0.1621,0.1153,0.127,0.1426
9UNX,0.8098,0.2967,0.3372,0.3028,0.3058,0.3276,0.3466,0.3385,0.3477,0.2947,0.2678
9VA1,0.3143,0.8496,0.3115,0.4723,0.3112,0.3119,0.3379,0.3482,0.3091,0.3347,0.3241
9VA2,0.3168,0.8504,0.3043,0.4722,0.311,0.3139,0.3412,0.3698,0.3156,0.332,0.3223
9VPG,0.9654,0.3004,0.3371,0.325,0.2729,0.3353,0.3392,0.3385,0.3157,0.284,0.2857
